#
# There is insufficient memory for the Java Runtime Environment to continue.
# Native memory allocation (malloc) failed to allocate 1061536 bytes. Error detail: Chunk::new
# Possible reasons:
#   The system is out of physical RAM or swap space
#   This process is running with CompressedOops enabled, and the Java Heap may be blocking the growth of the native heap
# Possible solutions:
#   Reduce memory load on the system
#   Increase physical memory or swap space
#   Check if swap backing store is full
#   Decrease Java heap size (-Xmx/-Xms)
#   Decrease number of Java threads
#   Decrease Java thread stack sizes (-Xss)
#   Set larger code cache with -XX:ReservedCodeCacheSize=
#   JVM is running with Unscaled Compressed Oops mode in which the Java heap is
#     placed in the first 4GB address space. The Java Heap base address is the
#     maximum limit for the native heap growth. Please use -XX:HeapBaseMinAddress
#     to set the Java Heap base and to place the Java Heap above 4GB virtual address.
# This output file may be truncated or incomplete.
#
#  Out of Memory Error (arena.cpp:191), pid=11148, tid=13032
#
# JRE version: OpenJDK Runtime Environment Temurin-17.0.19+10 (17.0.19+10) (build 17.0.19+10)
# Java VM: OpenJDK 64-Bit Server VM Temurin-17.0.19+10 (17.0.19+10, mixed mode, sharing, tiered, compressed oops, compressed class ptrs, g1 gc, windows-amd64)
# No core dump will be written. Minidumps are not enabled by default on client versions of Windows
#

---------------  S U M M A R Y ------------

Command Line: --add-opens=java.base/java.lang=ALL-UNNAMED --add-opens=java.base/java.lang.invoke=ALL-UNNAMED --add-opens=java.base/java.util=ALL-UNNAMED --add-opens=java.prefs/java.util.prefs=ALL-UNNAMED --add-exports=jdk.compiler/com.sun.tools.javac.api=ALL-UNNAMED --add-exports=jdk.compiler/com.sun.tools.javac.util=ALL-UNNAMED --add-opens=java.base/java.util=ALL-UNNAMED --add-opens=java.prefs/java.util.prefs=ALL-UNNAMED --add-opens=java.base/java.nio.charset=ALL-UNNAMED --add-opens=java.base/java.net=ALL-UNNAMED --add-opens=java.base/java.util.concurrent.atomic=ALL-UNNAMED --add-opens=java.xml/javax.xml.namespace=ALL-UNNAMED -XX:MaxMetaspaceSize=512m -Xmx2048m -Dfile.encoding=windows-1252 -Duser.country=PE -Duser.language=es -Duser.variant -javaagent:C:\Users\giova\.gradle\wrapper\dists\gradle-8.14.3-bin\cv11ve7ro1n3o1j4so8xd9n66\gradle-8.14.3\lib\agents\gradle-instrumentation-agent-8.14.3.jar org.gradle.launcher.daemon.bootstrap.GradleDaemon 8.14.3

Host: Intel(R) Core(TM) i5-8250U CPU @ 1.60GHz, 8 cores, 7G,  Windows 11 , 64 bit Build 26100 (10.0.26100.7019)
Time: Tue May 12 05:39:33 2026 Hora est. Pacífico, Sudamérica elapsed time: 503.681912 seconds (0d 0h 8m 23s)

---------------  T H R E A D  ---------------

Current thread (0x000002242bfb2ac0):  JavaThread "C2 CompilerThread1" daemon [_thread_in_native, id=13032, stack(0x000000b848d00000,0x000000b848e00000)]


Current CompileTask:
C2:503681 38577 %     4       org.objectweb.asm.ClassReader::readCode @ 2187 (5117 bytes)

Stack: [0x000000b848d00000,0x000000b848e00000]
Native frames: (J=compiled Java code, j=interpreted, Vv=VM code, C=native code)
V  [jvm.dll+0x684b29]
V  [jvm.dll+0x83a2d5]
V  [jvm.dll+0x83bd4e]
V  [jvm.dll+0x83c3d3]
V  [jvm.dll+0x24905f]
V  [jvm.dll+0xad536]
V  [jvm.dll+0xadbdc]
V  [jvm.dll+0x2b073f]
V  [jvm.dll+0x58aea5]
V  [jvm.dll+0x222fe4]
V  [jvm.dll+0x2233dd]
V  [jvm.dll+0x21c08b]
V  [jvm.dll+0x2191a2]
V  [jvm.dll+0x1a49f0]
V  [jvm.dll+0x2299fa]
V  [jvm.dll+0x227bab]
V  [jvm.dll+0x7f0a88]
V  [jvm.dll+0x7eaf1c]
V  [jvm.dll+0x6839f7]
C  [ucrtbase.dll+0x37b0]
C  [KERNEL32.DLL+0x2e8d7]
C  [ntdll.dll+0x8c53c]


---------------  P R O C E S S  ---------------

Threads class SMR info:
_java_thread_list=0x000002242a04bb60, length=153, elements={
0x0000022452b5bbc0, 0x0000022471032020, 0x0000022471032af0, 0x0000022471044810,
0x00000224710471f0, 0x000002247104aae0, 0x000002247104b3b0, 0x000002247104e3c0,
0x0000022471050a20, 0x00000224710657d0, 0x0000022471271670, 0x0000022471349370,
0x000002247739c370, 0x0000022476f67450, 0x0000022477396f50, 0x00000224773be060,
0x00000224773be570, 0x00000224773c08e0, 0x000002247b25c670, 0x000002247b25c160,
0x000002247b25a300, 0x000002247b25cb80, 0x00000224285fb3d0, 0x000002247b377060,
0x000002247998a7b0, 0x0000022479989880, 0x0000022479988950, 0x0000022479989d90,
0x0000022479988e60, 0x00000224275c8810, 0x000002242859ce90, 0x000002242859ecf0,
0x000002242859bf60, 0x000002247b563250, 0x000002242859ba50, 0x000002242859a100,
0x000002242859c980, 0x000002242a0eca80, 0x000002242859e2d0, 0x000002242859c470,
0x000002242859d3a0, 0x000002242859d8b0, 0x000002247b564180, 0x000002247b562d40,
0x000002247b563760, 0x0000022429e329b0, 0x0000022429e31f90, 0x000002242a0ec570,
0x000002242a0ecf90, 0x0000022428f225e0, 0x0000022429e34300, 0x0000022429e333d0,
0x0000022429e32ec0, 0x0000022429e338e0, 0x0000022429e33df0, 0x0000022429e31060,
0x0000022429e31a80, 0x0000022429e34810, 0x000002242859ab20, 0x000002242859f710,
0x00000224285a0640, 0x00000224285a1570, 0x00000224285a1a80, 0x0000022429e31570,
0x0000022429e324a0, 0x0000022427a1f2f0, 0x0000022427a1c050, 0x0000022427a1deb0,
0x0000022427a1cf80, 0x0000022427a1f800, 0x0000022427a1d490, 0x0000022427a1ede0,
0x0000022427a1d9a0, 0x0000022427a1e3c0, 0x000002247b176230, 0x000002247b175300,
0x00000224790393c0, 0x000002247903ad10, 0x000002247903b220, 0x00000224790389a0,
0x000002247903b730, 0x00000224285a0b50, 0x00000224285a1060, 0x000002247b3793d0,
0x000002247b377f90, 0x0000022427a1c560, 0x0000022427a1ca70, 0x0000022427a1e8d0,
0x000002247903bc40, 0x000002247903a2f0, 0x0000022479038490, 0x000002242bfab070,
0x000002242bfaba90, 0x000002242a3ffb80, 0x000002242a400090, 0x000002242a3fdd20,
0x000002242a4005a0, 0x000002242a400ab0, 0x0000022476852070, 0x0000022428f23000,
0x0000022479039de0, 0x000002247903a800, 0x00000224790398d0, 0x0000022479038eb0,
0x000002247b37a300, 0x000002247b37ad20, 0x000002247b3798e0, 0x000002247b379df0,
0x000002247b37a810, 0x000002247b377570, 0x000002247b37c670, 0x0000022476852a90,
0x00000224798a6060, 0x000002242a4014d0, 0x00000224798a8df0, 0x000002247b37b740,
0x00000224798a6f90, 0x000002247b37cb80, 0x00000224798a9300, 0x000002247b37dab0,
0x00000224798a6a80, 0x00000224798a74a0, 0x000002247b90d4f0, 0x00000224798a6570,
0x0000022428f21bc0, 0x0000022476852fa0, 0x0000022428f220d0, 0x00000224798a79b0,
0x00000224798a7ec0, 0x000002242a3ff670, 0x000002242a400fc0, 0x000002242a3fe230,
0x000002242a3fe740, 0x000002242a3fec50, 0x000002242a3ff160, 0x000002247b37d090,
0x000002247b37bc50, 0x000002247b37b230, 0x000002247b37c160, 0x000002247b37d5a0,
0x000002247b37dfc0, 0x0000022477df0070, 0x000002247b90da00, 0x0000022477dee810,
0x0000022427bdbdf0, 0x0000022427bd9570, 0x0000022428f24950, 0x0000022428f23a20,
0x000002247af0c810, 0x000002247af09f90, 0x0000022428f22af0, 0x000002242bfb2ac0,
0x000002242bfaf5a0
}

Java Threads: ( => current thread )
  0x0000022452b5bbc0 JavaThread "main" [_thread_blocked, id=11408, stack(0x000000b849000000,0x000000b849100000)]
  0x0000022471032020 JavaThread "Reference Handler" daemon [_thread_blocked, id=15304, stack(0x000000b849700000,0x000000b849800000)]
  0x0000022471032af0 JavaThread "Finalizer" daemon [_thread_blocked, id=15024, stack(0x000000b849800000,0x000000b849900000)]
  0x0000022471044810 JavaThread "Signal Dispatcher" daemon [_thread_blocked, id=12532, stack(0x000000b849900000,0x000000b849a00000)]
  0x00000224710471f0 JavaThread "Attach Listener" daemon [_thread_blocked, id=10180, stack(0x000000b849a00000,0x000000b849b00000)]
  0x000002247104aae0 JavaThread "Service Thread" daemon [_thread_blocked, id=4472, stack(0x000000b849b00000,0x000000b849c00000)]
  0x000002247104b3b0 JavaThread "Monitor Deflation Thread" daemon [_thread_blocked, id=3536, stack(0x000000b849c00000,0x000000b849d00000)]
  0x000002247104e3c0 JavaThread "C2 CompilerThread0" daemon [_thread_blocked, id=14844, stack(0x000000b849d00000,0x000000b849e00000)]
  0x0000022471050a20 JavaThread "C1 CompilerThread0" daemon [_thread_blocked, id=5412, stack(0x000000b849e00000,0x000000b849f00000)]
  0x00000224710657d0 JavaThread "Sweeper thread" daemon [_thread_blocked, id=7760, stack(0x000000b849f00000,0x000000b84a000000)]
  0x0000022471271670 JavaThread "Common-Cleaner" daemon [_thread_blocked, id=14200, stack(0x000000b84a000000,0x000000b84a100000)]
  0x0000022471349370 JavaThread "Notification Thread" daemon [_thread_blocked, id=12852, stack(0x000000b84a100000,0x000000b84a200000)]
  0x000002247739c370 JavaThread "Daemon health stats" [_thread_blocked, id=3380, stack(0x000000b84a800000,0x000000b84a900000)]
  0x0000022476f67450 JavaThread "Incoming local TCP Connector on port 50499" [_thread_in_native, id=13632, stack(0x000000b84a300000,0x000000b84a400000)]
  0x0000022477396f50 JavaThread "Daemon periodic checks" [_thread_blocked, id=11576, stack(0x000000b84a900000,0x000000b84aa00000)]
  0x00000224773be060 JavaThread "Cache worker for journal cache (C:\Users\giova\.gradle\caches\journal-1)" [_thread_blocked, id=15264, stack(0x000000b84af00000,0x000000b84b000000)]
  0x00000224773be570 JavaThread "File lock request listener" [_thread_in_native, id=9104, stack(0x000000b84b200000,0x000000b84b300000)]
  0x00000224773c08e0 JavaThread "Cache worker for file hash cache (C:\Users\giova\.gradle\caches\8.14.3\fileHashes)" [_thread_blocked, id=7816, stack(0x000000b84b300000,0x000000b84b400000)]
  0x000002247b25c670 JavaThread "File watcher server" daemon [_thread_in_native, id=7484, stack(0x000000b84bc00000,0x000000b84bd00000)]
  0x000002247b25c160 JavaThread "File watcher consumer" daemon [_thread_blocked, id=13504, stack(0x000000b84bd00000,0x000000b84be00000)]
  0x000002247b25a300 JavaThread "jar transforms" [_thread_blocked, id=10620, stack(0x000000b84be00000,0x000000b84bf00000)]
  0x000002247b25cb80 JavaThread "Cache worker for file content cache (C:\Users\giova\.gradle\caches\8.14.3\fileContent)" [_thread_blocked, id=12168, stack(0x000000b84c000000,0x000000b84c100000)]
  0x00000224285fb3d0 JavaThread "Memory manager" [_thread_blocked, id=14840, stack(0x000000b84e800000,0x000000b84e900000)]
  0x000002247b377060 JavaThread "ForkJoinPool.commonPool-worker-5" daemon [_thread_blocked, id=9856, stack(0x000000b850d00000,0x000000b850e00000)]
  0x000002247998a7b0 JavaThread "RMI Scheduler(0)" daemon [_thread_blocked, id=15204, stack(0x000000b853800000,0x000000b853900000)]
  0x0000022479989880 JavaThread "RMI GC Daemon" daemon [_thread_blocked, id=12524, stack(0x000000b853a00000,0x000000b853b00000)]
  0x0000022479988950 JavaThread "RMI TCP Accept-0" daemon [_thread_in_native, id=7180, stack(0x000000b853b00000,0x000000b853c00000)]
  0x0000022479989d90 JavaThread "RMI Reaper" [_thread_blocked, id=3808, stack(0x000000b853c00000,0x000000b853d00000)]
  0x0000022479988e60 JavaThread "jar transforms Thread 2" [_thread_blocked, id=2964, stack(0x000000b853500000,0x000000b853600000)]
  0x00000224275c8810 JavaThread "jar transforms Thread 3" [_thread_blocked, id=8748, stack(0x000000b848e00000,0x000000b848f00000)]
  0x000002242859ce90 JavaThread "jar transforms Thread 4" [_thread_blocked, id=14416, stack(0x000000b854400000,0x000000b854500000)]
  0x000002242859ecf0 JavaThread "jar transforms Thread 5" [_thread_blocked, id=14588, stack(0x000000b854700000,0x000000b854800000)]
  0x000002242859bf60 JavaThread "jar transforms Thread 6" [_thread_blocked, id=13796, stack(0x000000b854900000,0x000000b854a00000)]
  0x000002247b563250 JavaThread "Daemon Thread 2" [_thread_blocked, id=12256, stack(0x000000b848f00000,0x000000b849000000)]
  0x000002242859ba50 JavaThread "Handler for socket connection from /127.0.0.1:50499 to /127.0.0.1:57102" [_thread_in_native, id=10088, stack(0x000000b84aa00000,0x000000b84ab00000)]
  0x000002242859a100 JavaThread "Cancel handler" [_thread_blocked, id=11476, stack(0x000000b84ab00000,0x000000b84ac00000)]
  0x000002242859c980 JavaThread "Daemon worker Thread 2" [_thread_blocked, id=15076, stack(0x000000b84ac00000,0x000000b84ad00000)]
  0x000002242a0eca80 JavaThread "Asynchronous log dispatcher for DefaultDaemonConnection: socket connection from /127.0.0.1:50499 to /127.0.0.1:57102" [_thread_blocked, id=14676, stack(0x000000b84ad00000,0x000000b84ae00000)]
  0x000002242859e2d0 JavaThread "Stdin handler" [_thread_blocked, id=6312, stack(0x000000b84ae00000,0x000000b84af00000)]
  0x000002242859c470 JavaThread "Daemon client event forwarder" [_thread_blocked, id=13052, stack(0x000000b84b000000,0x000000b84b100000)]
  0x000002242859d3a0 JavaThread "Cache worker for file hash cache (C:\Users\giova\AutosAqp\frontend\android\.gradle\8.14.3\fileHashes)" [_thread_blocked, id=10772, stack(0x000000b84b100000,0x000000b84b200000)]
  0x000002242859d8b0 JavaThread "Cache worker for Build Output Cleanup Cache (C:\Users\giova\AutosAqp\frontend\android\.gradle\buildOutputCleanup)" [_thread_blocked, id=11376, stack(0x000000b84b400000,0x000000b84b500000)]
  0x000002247b564180 JavaThread "Cache worker for checksums cache (C:\Users\giova\AutosAqp\frontend\android\.gradle\8.14.3\checksums)" [_thread_blocked, id=13680, stack(0x000000b84ba00000,0x000000b84bb00000)]
  0x000002247b562d40 JavaThread "Cache worker for cache directory md-supplier (C:\Users\giova\.gradle\caches\8.14.3\md-supplier)" [_thread_blocked, id=3356, stack(0x000000b84b800000,0x000000b84b900000)]
  0x000002247b563760 JavaThread "Cache worker for cache directory md-rule (C:\Users\giova\.gradle\caches\8.14.3\md-rule)" [_thread_blocked, id=11728, stack(0x000000b84b900000,0x000000b84ba00000)]
  0x0000022429e329b0 JavaThread "Cache worker for Build Output Cleanup Cache (C:\Users\giova\AutosAqp\frontend\node_modules\@react-native\gradle-plugin\.gradle\buildOutputCleanup)" [_thread_blocked, id=11088, stack(0x000000b84c300000,0x000000b84c400000)]
  0x0000022429e31f90 JavaThread "Unconstrained build operations" [_thread_blocked, id=8068, stack(0x000000b84c400000,0x000000b84c500000)]
  0x000002242a0ec570 JavaThread "Unconstrained build operations Thread 2" [_thread_blocked, id=12412, stack(0x000000b84c500000,0x000000b84c600000)]
  0x000002242a0ecf90 JavaThread "Unconstrained build operations Thread 3" [_thread_blocked, id=12484, stack(0x000000b84c600000,0x000000b84c700000)]
  0x0000022428f225e0 JavaThread "Unconstrained build operations Thread 4" [_thread_blocked, id=14384, stack(0x000000b84cc00000,0x000000b84cd00000)]
  0x0000022429e34300 JavaThread "Cache worker for Build Output Cleanup Cache (C:\Users\giova\AutosAqp\frontend\node_modules\expo-modules-autolinking\android\expo-gradle-plugin\.gradle\buildOutputCleanup)" [_thread_blocked, id=14808, stack(0x000000b84cd00000,0x000000b84ce00000)]
  0x0000022429e333d0 JavaThread "Unconstrained build operations Thread 5" [_thread_blocked, id=3264, stack(0x000000b84cf00000,0x000000b84d000000)]
  0x0000022429e32ec0 JavaThread "Unconstrained build operations Thread 6" [_thread_blocked, id=9640, stack(0x000000b84d000000,0x000000b84d100000)]
  0x0000022429e338e0 JavaThread "Unconstrained build operations Thread 7" [_thread_blocked, id=14760, stack(0x000000b84d100000,0x000000b84d200000)]
  0x0000022429e33df0 JavaThread "Unconstrained build operations Thread 8" [_thread_blocked, id=11636, stack(0x000000b84d200000,0x000000b84d300000)]
  0x0000022429e31060 JavaThread "Unconstrained build operations Thread 9" [_thread_blocked, id=12732, stack(0x000000b84d300000,0x000000b84d400000)]
  0x0000022429e31a80 JavaThread "Unconstrained build operations Thread 10" [_thread_blocked, id=4916, stack(0x000000b84d400000,0x000000b84d500000)]
  0x0000022429e34810 JavaThread "Unconstrained build operations Thread 11" [_thread_blocked, id=14996, stack(0x000000b84d500000,0x000000b84d600000)]
  0x000002242859ab20 JavaThread "Unconstrained build operations Thread 12" [_thread_blocked, id=6508, stack(0x000000b84d600000,0x000000b84d700000)]
  0x000002242859f710 JavaThread "Unconstrained build operations Thread 13" [_thread_blocked, id=584, stack(0x000000b84d700000,0x000000b84d800000)]
  0x00000224285a0640 JavaThread "Unconstrained build operations Thread 14" [_thread_blocked, id=1952, stack(0x000000b84d800000,0x000000b84d900000)]
  0x00000224285a1570 JavaThread "Unconstrained build operations Thread 15" [_thread_blocked, id=3540, stack(0x000000b84d900000,0x000000b84da00000)]
  0x00000224285a1a80 JavaThread "Unconstrained build operations Thread 16" [_thread_blocked, id=14116, stack(0x000000b84da00000,0x000000b84db00000)]
  0x0000022429e31570 JavaThread "Unconstrained build operations Thread 17" [_thread_blocked, id=6820, stack(0x000000b84db00000,0x000000b84dc00000)]
  0x0000022429e324a0 JavaThread "Unconstrained build operations Thread 18" [_thread_blocked, id=14388, stack(0x000000b84dc00000,0x000000b84dd00000)]
  0x0000022427a1f2f0 JavaThread "build event listener" [_thread_blocked, id=8304, stack(0x000000b84de00000,0x000000b84df00000)]
  0x0000022427a1c050 JavaThread "Unconstrained build operations Thread 19" [_thread_blocked, id=13576, stack(0x000000b84df00000,0x000000b84e000000)]
  0x0000022427a1deb0 JavaThread "Unconstrained build operations Thread 20" [_thread_blocked, id=7996, stack(0x000000b84e000000,0x000000b84e100000)]
  0x0000022427a1cf80 JavaThread "Unconstrained build operations Thread 21" [_thread_blocked, id=14376, stack(0x000000b84e100000,0x000000b84e200000)]
  0x0000022427a1f800 JavaThread "Unconstrained build operations Thread 22" [_thread_blocked, id=11584, stack(0x000000b84e200000,0x000000b84e300000)]
  0x0000022427a1d490 JavaThread "Unconstrained build operations Thread 23" [_thread_blocked, id=13368, stack(0x000000b84e300000,0x000000b84e400000)]
  0x0000022427a1ede0 JavaThread "Unconstrained build operations Thread 24" [_thread_blocked, id=15308, stack(0x000000b84e400000,0x000000b84e500000)]
  0x0000022427a1d9a0 JavaThread "Unconstrained build operations Thread 25" [_thread_blocked, id=14988, stack(0x000000b84e500000,0x000000b84e600000)]
  0x0000022427a1e3c0 JavaThread "build event listener" [_thread_blocked, id=15112, stack(0x000000b84e600000,0x000000b84e700000)]
  0x000002247b176230 JavaThread "Unconstrained build operations Thread 26" [_thread_blocked, id=7516, stack(0x000000b84e700000,0x000000b84e800000)]
  0x000002247b175300 JavaThread "Unconstrained build operations Thread 27" [_thread_blocked, id=14124, stack(0x000000b84e900000,0x000000b84ea00000)]
  0x00000224790393c0 JavaThread "Unconstrained build operations Thread 28" [_thread_blocked, id=13772, stack(0x000000b84ea00000,0x000000b84eb00000)]
  0x000002247903ad10 JavaThread "Unconstrained build operations Thread 29" [_thread_blocked, id=11068, stack(0x000000b84eb00000,0x000000b84ec00000)]
  0x000002247903b220 JavaThread "Unconstrained build operations Thread 30" [_thread_blocked, id=9316, stack(0x000000b84ec00000,0x000000b84ed00000)]
  0x00000224790389a0 JavaThread "Unconstrained build operations Thread 31" [_thread_blocked, id=7020, stack(0x000000b84ed00000,0x000000b84ee00000)]
  0x000002247903b730 JavaThread "Unconstrained build operations Thread 32" [_thread_blocked, id=14520, stack(0x000000b84ee00000,0x000000b84ef00000)]
  0x00000224285a0b50 JavaThread "Unconstrained build operations Thread 33" [_thread_blocked, id=11804, stack(0x000000b84ef00000,0x000000b84f000000)]
  0x00000224285a1060 JavaThread "Unconstrained build operations Thread 34" [_thread_blocked, id=14028, stack(0x000000b84f000000,0x000000b84f100000)]
  0x000002247b3793d0 JavaThread "Unconstrained build operations Thread 35" [_thread_blocked, id=4316, stack(0x000000b84f100000,0x000000b84f200000)]
  0x000002247b377f90 JavaThread "Unconstrained build operations Thread 36" [_thread_blocked, id=14856, stack(0x000000b84f200000,0x000000b84f300000)]
  0x0000022427a1c560 JavaThread "Unconstrained build operations Thread 37" [_thread_blocked, id=7560, stack(0x000000b84f300000,0x000000b84f400000)]
  0x0000022427a1ca70 JavaThread "Unconstrained build operations Thread 38" [_thread_blocked, id=15032, stack(0x000000b84f400000,0x000000b84f500000)]
  0x0000022427a1e8d0 JavaThread "Unconstrained build operations Thread 39" [_thread_blocked, id=15144, stack(0x000000b84f500000,0x000000b84f600000)]
  0x000002247903bc40 JavaThread "ForkJoinPool.commonPool-worker-8" daemon [_thread_blocked, id=7440, stack(0x000000b84f600000,0x000000b84f700000)]
  0x000002247903a2f0 JavaThread "ForkJoinPool.commonPool-worker-10" daemon [_thread_blocked, id=3512, stack(0x000000b84f800000,0x000000b84f900000)]
  0x0000022479038490 JavaThread "ForkJoinPool.commonPool-worker-11" daemon [_thread_blocked, id=11604, stack(0x000000b84f900000,0x000000b84fa00000)]
  0x000002242bfab070 JavaThread "Execution worker" [_thread_blocked, id=14048, stack(0x000000b84fb00000,0x000000b84fc00000)]
  0x000002242bfaba90 JavaThread "Execution worker Thread 2" [_thread_blocked, id=8248, stack(0x000000b84fd00000,0x000000b84fe00000)]
  0x000002242a3ffb80 JavaThread "Execution worker Thread 3" [_thread_blocked, id=4344, stack(0x000000b84fe00000,0x000000b84ff00000)]
  0x000002242a400090 JavaThread "Execution worker Thread 4" [_thread_blocked, id=12716, stack(0x000000b84ff00000,0x000000b850000000)]
  0x000002242a3fdd20 JavaThread "Execution worker Thread 5" [_thread_blocked, id=3372, stack(0x000000b850000000,0x000000b850100000)]
  0x000002242a4005a0 JavaThread "Execution worker Thread 6" [_thread_blocked, id=7408, stack(0x000000b850100000,0x000000b850200000)]
  0x000002242a400ab0 JavaThread "Execution worker Thread 7" [_thread_blocked, id=3352, stack(0x000000b850200000,0x000000b850300000)]
  0x0000022476852070 JavaThread "Cache worker for execution history cache (C:\Users\giova\AutosAqp\frontend\node_modules\expo-modules-autolinking\android\expo-gradle-plugin\.gradle\8.14.3\executionHistory)" [_thread_blocked, id=13012, stack(0x000000b850300000,0x000000b850400000)]
  0x0000022428f23000 JavaThread "Cache worker for execution history cache (C:\Users\giova\AutosAqp\frontend\node_modules\@react-native\gradle-plugin\.gradle\8.14.3\executionHistory)" [_thread_blocked, id=5488, stack(0x000000b850400000,0x000000b850500000)]
  0x0000022479039de0 JavaThread "Unconstrained build operations Thread 40" [_thread_blocked, id=11612, stack(0x000000b850500000,0x000000b850600000)]
  0x000002247903a800 JavaThread "Unconstrained build operations Thread 41" [_thread_blocked, id=9860, stack(0x000000b850600000,0x000000b850700000)]
  0x00000224790398d0 JavaThread "Unconstrained build operations Thread 42" [_thread_blocked, id=14796, stack(0x000000b850700000,0x000000b850800000)]
  0x0000022479038eb0 JavaThread "Unconstrained build operations Thread 43" [_thread_blocked, id=13136, stack(0x000000b850800000,0x000000b850900000)]
  0x000002247b37a300 JavaThread "Unconstrained build operations Thread 44" [_thread_blocked, id=5232, stack(0x000000b850900000,0x000000b850a00000)]
  0x000002247b37ad20 JavaThread "Unconstrained build operations Thread 45" [_thread_blocked, id=14832, stack(0x000000b850a00000,0x000000b850b00000)]
  0x000002247b3798e0 JavaThread "Unconstrained build operations Thread 46" [_thread_blocked, id=14312, stack(0x000000b850e00000,0x000000b850f00000)]
  0x000002247b379df0 JavaThread "Unconstrained build operations Thread 47" [_thread_blocked, id=11652, stack(0x000000b850f00000,0x000000b851000000)]
  0x000002247b37a810 JavaThread "Unconstrained build operations Thread 48" [_thread_blocked, id=14700, stack(0x000000b851000000,0x000000b851100000)]
  0x000002247b377570 JavaThread "Unconstrained build operations Thread 49" [_thread_blocked, id=10072, stack(0x000000b851100000,0x000000b851200000)]
  0x000002247b37c670 JavaThread "Unconstrained build operations Thread 50" [_thread_blocked, id=14212, stack(0x000000b851200000,0x000000b851300000)]
  0x0000022476852a90 JavaThread "Unconstrained build operations Thread 51" [_thread_blocked, id=15124, stack(0x000000b851300000,0x000000b851400000)]
  0x00000224798a6060 JavaThread "Unconstrained build operations Thread 52" [_thread_blocked, id=15080, stack(0x000000b851400000,0x000000b851500000)]
  0x000002242a4014d0 JavaThread "Unconstrained build operations Thread 53" [_thread_blocked, id=5132, stack(0x000000b851500000,0x000000b851600000)]
  0x00000224798a8df0 JavaThread "Unconstrained build operations Thread 54" [_thread_blocked, id=12180, stack(0x000000b851600000,0x000000b851700000)]
  0x000002247b37b740 JavaThread "Unconstrained build operations Thread 55" [_thread_blocked, id=6228, stack(0x000000b851700000,0x000000b851800000)]
  0x00000224798a6f90 JavaThread "Unconstrained build operations Thread 56" [_thread_blocked, id=14196, stack(0x000000b851800000,0x000000b851900000)]
  0x000002247b37cb80 JavaThread "Unconstrained build operations Thread 57" [_thread_blocked, id=13068, stack(0x000000b851900000,0x000000b851a00000)]
  0x00000224798a9300 JavaThread "Unconstrained build operations Thread 58" [_thread_blocked, id=15064, stack(0x000000b851a00000,0x000000b851b00000)]
  0x000002247b37dab0 JavaThread "Unconstrained build operations Thread 59" [_thread_blocked, id=14252, stack(0x000000b851b00000,0x000000b851c00000)]
  0x00000224798a6a80 JavaThread "Unconstrained build operations Thread 60" [_thread_blocked, id=15092, stack(0x000000b851c00000,0x000000b851d00000)]
  0x00000224798a74a0 JavaThread "Unconstrained build operations Thread 61" [_thread_blocked, id=14168, stack(0x000000b851d00000,0x000000b851e00000)]
  0x000002247b90d4f0 JavaThread "Unconstrained build operations Thread 62" [_thread_blocked, id=4060, stack(0x000000b851e00000,0x000000b851f00000)]
  0x00000224798a6570 JavaThread "Unconstrained build operations Thread 63" [_thread_blocked, id=14268, stack(0x000000b851f00000,0x000000b852000000)]
  0x0000022428f21bc0 JavaThread "Unconstrained build operations Thread 64" [_thread_blocked, id=7896, stack(0x000000b852000000,0x000000b852100000)]
  0x0000022476852fa0 JavaThread "Unconstrained build operations Thread 65" [_thread_blocked, id=12248, stack(0x000000b852100000,0x000000b852200000)]
  0x0000022428f220d0 JavaThread "Unconstrained build operations Thread 66" [_thread_blocked, id=2032, stack(0x000000b852200000,0x000000b852300000)]
  0x00000224798a79b0 JavaThread "Unconstrained build operations Thread 67" [_thread_blocked, id=8060, stack(0x000000b852300000,0x000000b852400000)]
  0x00000224798a7ec0 JavaThread "Unconstrained build operations Thread 68" [_thread_blocked, id=11836, stack(0x000000b852400000,0x000000b852500000)]
  0x000002242a3ff670 JavaThread "Unconstrained build operations Thread 69" [_thread_blocked, id=12036, stack(0x000000b852500000,0x000000b852600000)]
  0x000002242a400fc0 JavaThread "Unconstrained build operations Thread 70" [_thread_blocked, id=6268, stack(0x000000b852600000,0x000000b852700000)]
  0x000002242a3fe230 JavaThread "Unconstrained build operations Thread 71" [_thread_blocked, id=11120, stack(0x000000b852700000,0x000000b852800000)]
  0x000002242a3fe740 JavaThread "Unconstrained build operations Thread 72" [_thread_blocked, id=1344, stack(0x000000b852800000,0x000000b852900000)]
  0x000002242a3fec50 JavaThread "Unconstrained build operations Thread 73" [_thread_blocked, id=13668, stack(0x000000b852900000,0x000000b852a00000)]
  0x000002242a3ff160 JavaThread "Unconstrained build operations Thread 74" [_thread_blocked, id=14716, stack(0x000000b852a00000,0x000000b852b00000)]
  0x000002247b37d090 JavaThread "Unconstrained build operations Thread 75" [_thread_blocked, id=5252, stack(0x000000b852b00000,0x000000b852c00000)]
  0x000002247b37bc50 JavaThread "Unconstrained build operations Thread 76" [_thread_blocked, id=1376, stack(0x000000b852c00000,0x000000b852d00000)]
  0x000002247b37b230 JavaThread "Unconstrained build operations Thread 77" [_thread_blocked, id=11816, stack(0x000000b852d00000,0x000000b852e00000)]
  0x000002247b37c160 JavaThread "Unconstrained build operations Thread 78" [_thread_blocked, id=14772, stack(0x000000b852e00000,0x000000b852f00000)]
  0x000002247b37d5a0 JavaThread "Unconstrained build operations Thread 79" [_thread_blocked, id=12240, stack(0x000000b852f00000,0x000000b853000000)]
  0x000002247b37dfc0 JavaThread "Unconstrained build operations Thread 80" [_thread_blocked, id=13960, stack(0x000000b853000000,0x000000b853100000)]
  0x0000022477df0070 JavaThread "Cache worker for Build Output Cleanup Cache (C:\Users\giova\AutosAqp\frontend\node_modules\expo-modules-core\expo-module-gradle-plugin\.gradle\buildOutputCleanup)" [_thread_blocked, id=324, stack(0x000000b84ce00000,0x000000b84cf00000)]
  0x000002247b90da00 JavaThread "build event listener" [_thread_blocked, id=14352, stack(0x000000b853200000,0x000000b853300000)]
  0x0000022477dee810 JavaThread "Cache worker for execution history cache (C:\Users\giova\AutosAqp\frontend\node_modules\expo-modules-core\expo-module-gradle-plugin\.gradle\8.14.3\executionHistory)" [_thread_blocked, id=11108, stack(0x000000b853400000,0x000000b853500000)]
  0x0000022427bdbdf0 JavaThread "Problems report writer" [_thread_blocked, id=3272, stack(0x000000b853600000,0x000000b853700000)]
  0x0000022427bd9570 JavaThread "build event listener" [_thread_blocked, id=9292, stack(0x000000b853700000,0x000000b853800000)]
  0x0000022428f24950 JavaThread "jar transforms Thread 7" [_thread_blocked, id=12268, stack(0x000000b84dd00000,0x000000b84de00000)]
  0x0000022428f23a20 JavaThread "jar transforms Thread 8" [_thread_blocked, id=13048, stack(0x000000b84f700000,0x000000b84f800000)]
  0x000002247af0c810 JavaThread "Exec process Thread 10" [_thread_blocked, id=12856, stack(0x000000b84fa00000,0x000000b84fb00000)]
  0x000002247af09f90 JavaThread "Exec process Thread 11" [_thread_blocked, id=9304, stack(0x000000b84fc00000,0x000000b84fd00000)]
  0x0000022428f22af0 JavaThread "Exec process Thread 12" [_thread_blocked, id=15180, stack(0x000000b850b00000,0x000000b850c00000)]
=>0x000002242bfb2ac0 JavaThread "C2 CompilerThread1" daemon [_thread_in_native, id=13032, stack(0x000000b848d00000,0x000000b848e00000)]
  0x000002242bfaf5a0 JavaThread "C2 CompilerThread2" daemon [_thread_blocked, id=13740, stack(0x000000b84bf00000,0x000000b84c000000)]

Other Threads:
  0x0000022471023c10 VMThread "VM Thread" [stack: 0x000000b849600000,0x000000b849700000] [id=13284]
  0x0000022452b5c950 WatcherThread [stack: 0x000000b84a200000,0x000000b84a300000] [id=15196]
  0x0000022452bbc830 GCTaskThread "GC Thread#0" [stack: 0x000000b849100000,0x000000b849200000] [id=14608]
  0x00000224717fb7c0 GCTaskThread "GC Thread#1" [stack: 0x000000b84a500000,0x000000b84a600000] [id=7528]
  0x0000022471baea60 GCTaskThread "GC Thread#2" [stack: 0x000000b84a600000,0x000000b84a700000] [id=8196]
  0x000002247658c040 GCTaskThread "GC Thread#3" [stack: 0x000000b84a400000,0x000000b84a500000] [id=11684]
  0x00000224766f0060 GCTaskThread "GC Thread#4" [stack: 0x000000b84a700000,0x000000b84a800000] [id=5572]
  0x000002247767b800 GCTaskThread "GC Thread#5" [stack: 0x000000b84b500000,0x000000b84b600000] [id=1388]
  0x00000224776ae1b0 GCTaskThread "GC Thread#6" [stack: 0x000000b84b600000,0x000000b84b700000] [id=11880]
  0x00000224777bdce0 GCTaskThread "GC Thread#7" [stack: 0x000000b84b700000,0x000000b84b800000] [id=10396]
  0x0000022452bce360 ConcurrentGCThread "G1 Main Marker" [stack: 0x000000b849200000,0x000000b849300000] [id=1208]
  0x0000022452bcf430 ConcurrentGCThread "G1 Conc#0" [stack: 0x000000b849300000,0x000000b849400000] [id=13152]
  0x000002247a4c7c30 ConcurrentGCThread "G1 Conc#1" [stack: 0x000000b84bb00000,0x000000b84bc00000] [id=4608]
  0x0000022452c0d660 ConcurrentGCThread "G1 Refine#0" [stack: 0x000000b849400000,0x000000b849500000] [id=5400]
  0x0000022471a24510 ConcurrentGCThread "G1 Refine#1" [stack: 0x000000b84c700000,0x000000b84c800000] [id=15036]
  0x0000022471a25c90 ConcurrentGCThread "G1 Refine#2" [stack: 0x000000b84c800000,0x000000b84c900000] [id=12120]
  0x0000022471a23660 ConcurrentGCThread "G1 Refine#3" [stack: 0x000000b84c900000,0x000000b84ca00000] [id=14424]
  0x0000022471a25f80 ConcurrentGCThread "G1 Refine#4" [stack: 0x000000b84ca00000,0x000000b84cb00000] [id=5744]
  0x0000022471a24af0 ConcurrentGCThread "G1 Refine#5" [stack: 0x000000b84cb00000,0x000000b84cc00000] [id=12460]
  0x00000224274cb2e0 ConcurrentGCThread "G1 Refine#6" [stack: 0x000000b853e00000,0x000000b853f00000] [id=5396]
  0x0000022452c0dfa0 ConcurrentGCThread "G1 Service" [stack: 0x000000b849500000,0x000000b849600000] [id=13908]

Threads with active compile tasks:
C2 CompilerThread0  504772 38387       4       org.gradle.internal.classpath.transforms.BaseClasspathElementTransform::processClassFile (98 bytes)
C2 CompilerThread1  504772 38577 %     4       org.objectweb.asm.ClassReader::readCode @ 2187 (5117 bytes)
C2 CompilerThread2  504772 38504       4       org.gradle.internal.classpath.transforms.LambdaSerializationTransformer::visitEnd (28 bytes)

VM state: at safepoint (normal execution)

VM Mutex/Monitor currently owned by a thread:  ([mutex/lock_event])
[0x0000022452b58120] Threads_lock - owner thread: 0x0000022471023c10
[0x0000022452b57b80] Heap_lock - owner thread: 0x000002247b379df0

Heap address: 0x0000000080000000, size: 2048 MB, Compressed Oops mode: 32-bit

CDS archive(s) mapped at: [0x0000022400000000-0x0000022400bb0000-0x0000022400bb0000), size 12255232, SharedBaseAddress: 0x0000022400000000, ArchiveRelocationMode: 1.
Compressed class space mapped at: 0x0000022401000000-0x000002241b000000, reserved size: 436207616
Narrow klass base: 0x0000022400000000, Narrow klass shift: 0, Narrow klass range: 0x100000000

GC Precious Log:
 CPUs: 8 total, 8 available
 Memory: 8067M
 Large Page Support: Disabled
 NUMA Support: Disabled
 Compressed Oops: Enabled (32-bit)
 Heap Region Size: 1M
 Heap Min Capacity: 8M
 Heap Initial Capacity: 128M
 Heap Max Capacity: 2G
 Pre-touch: Disabled
 Parallel Workers: 8
 Concurrent Workers: 2
 Concurrent Refinement Workers: 8
 Periodic GC: Disabled

Heap:
 garbage-first heap   total 812032K, used 292388K [0x0000000080000000, 0x0000000100000000)
  region size 1024K, 3 young (3072K), 3 survivors (3072K)
 Metaspace       used 213256K, committed 215424K, reserved 622592K
  class space    used 27073K, committed 28096K, reserved 425984K

Heap Regions: E=young(eden), S=young(survivor), O=old, HS=humongous(starts), HC=humongous(continues), CS=collection set, F=free, OA=open archive, CA=closed archive, TAMS=top-at-mark-start (previous, next)
|   0|0x0000000080000000, 0x0000000080100000, 0x0000000080100000|100%|HS|  |TAMS 0x0000000080100000, 0x0000000080000000| Complete 
|   1|0x0000000080100000, 0x0000000080200000, 0x0000000080200000|100%|HC|  |TAMS 0x0000000080200000, 0x0000000080100000| Complete 
|   2|0x0000000080200000, 0x0000000080300000, 0x0000000080300000|100%|HC|  |TAMS 0x0000000080300000, 0x0000000080200000| Complete 
|   3|0x0000000080300000, 0x0000000080400000, 0x0000000080400000|100%| O|  |TAMS 0x0000000080400000, 0x0000000080300000| Untracked 
|   4|0x0000000080400000, 0x0000000080500000, 0x0000000080500000|100%| O|  |TAMS 0x0000000080500000, 0x0000000080400000| Untracked 
|   5|0x0000000080500000, 0x0000000080600000, 0x0000000080600000|100%| O|  |TAMS 0x0000000080600000, 0x0000000080500000| Untracked 
|   6|0x0000000080600000, 0x0000000080700000, 0x0000000080700000|100%|HS|  |TAMS 0x0000000080700000, 0x0000000080600000| Complete 
|   7|0x0000000080700000, 0x0000000080800000, 0x0000000080800000|100%| O|  |TAMS 0x0000000080800000, 0x0000000080700000| Untracked 
|   8|0x0000000080800000, 0x0000000080900000, 0x0000000080900000|100%| O|  |TAMS 0x0000000080900000, 0x0000000080800000| Untracked 
|   9|0x0000000080900000, 0x0000000080a00000, 0x0000000080a00000|100%| O|  |TAMS 0x0000000080a00000, 0x0000000080900000| Untracked 
|  10|0x0000000080a00000, 0x0000000080b00000, 0x0000000080b00000|100%| O|  |TAMS 0x0000000080b00000, 0x0000000080a00000| Untracked 
|  11|0x0000000080b00000, 0x0000000080c00000, 0x0000000080c00000|100%| O|  |TAMS 0x0000000080c00000, 0x0000000080b00000| Untracked 
|  12|0x0000000080c00000, 0x0000000080d00000, 0x0000000080d00000|100%| O|  |TAMS 0x0000000080d00000, 0x0000000080c00000| Untracked 
|  13|0x0000000080d00000, 0x0000000080e00000, 0x0000000080e00000|100%| O|  |TAMS 0x0000000080e00000, 0x0000000080d00000| Untracked 
|  14|0x0000000080e00000, 0x0000000080f00000, 0x0000000080f00000|100%| O|  |TAMS 0x0000000080f00000, 0x0000000080e00000| Untracked 
|  15|0x0000000080f00000, 0x0000000081000000, 0x0000000081000000|100%| O|  |TAMS 0x0000000081000000, 0x0000000080f00000| Untracked 
|  16|0x0000000081000000, 0x0000000081100000, 0x0000000081100000|100%| O|  |TAMS 0x0000000081100000, 0x0000000081000000| Untracked 
|  17|0x0000000081100000, 0x0000000081200000, 0x0000000081200000|100%| O|  |TAMS 0x0000000081200000, 0x0000000081100000| Untracked 
|  18|0x0000000081200000, 0x0000000081300000, 0x0000000081300000|100%| O|  |TAMS 0x0000000081300000, 0x0000000081200000| Untracked 
|  19|0x0000000081300000, 0x0000000081400000, 0x0000000081400000|100%| O|  |TAMS 0x0000000081400000, 0x0000000081300000| Untracked 
|  20|0x0000000081400000, 0x0000000081500000, 0x0000000081500000|100%| O|  |TAMS 0x0000000081500000, 0x0000000081400000| Untracked 
|  21|0x0000000081500000, 0x0000000081600000, 0x0000000081600000|100%| O|  |TAMS 0x0000000081600000, 0x0000000081500000| Untracked 
|  22|0x0000000081600000, 0x0000000081700000, 0x0000000081700000|100%| O|  |TAMS 0x0000000081700000, 0x0000000081600000| Untracked 
|  23|0x0000000081700000, 0x0000000081800000, 0x0000000081800000|100%| O|  |TAMS 0x0000000081800000, 0x0000000081700000| Untracked 
|  24|0x0000000081800000, 0x0000000081900000, 0x0000000081900000|100%| O|  |TAMS 0x0000000081900000, 0x0000000081800000| Untracked 
|  25|0x0000000081900000, 0x0000000081a00000, 0x0000000081a00000|100%| O|  |TAMS 0x0000000081a00000, 0x0000000081900000| Untracked 
|  26|0x0000000081a00000, 0x0000000081b00000, 0x0000000081b00000|100%| O|  |TAMS 0x0000000081b00000, 0x0000000081a00000| Untracked 
|  27|0x0000000081b00000, 0x0000000081c00000, 0x0000000081c00000|100%|HS|  |TAMS 0x0000000081c00000, 0x0000000081b00000| Complete 
|  28|0x0000000081c00000, 0x0000000081d00000, 0x0000000081d00000|100%| O|  |TAMS 0x0000000081d00000, 0x0000000081c00000| Untracked 
|  29|0x0000000081d00000, 0x0000000081e00000, 0x0000000081e00000|100%| O|  |TAMS 0x0000000081e00000, 0x0000000081d00000| Untracked 
|  30|0x0000000081e00000, 0x0000000081f00000, 0x0000000081f00000|100%| O|  |TAMS 0x0000000081f00000, 0x0000000081e00000| Untracked 
|  31|0x0000000081f00000, 0x0000000082000000, 0x0000000082000000|100%| O|  |TAMS 0x0000000082000000, 0x0000000081f00000| Untracked 
|  32|0x0000000082000000, 0x0000000082100000, 0x0000000082100000|100%| O|  |TAMS 0x0000000082100000, 0x0000000082000000| Untracked 
|  33|0x0000000082100000, 0x0000000082200000, 0x0000000082200000|100%| O|  |TAMS 0x0000000082200000, 0x0000000082100000| Untracked 
|  34|0x0000000082200000, 0x0000000082300000, 0x0000000082300000|100%|HS|  |TAMS 0x0000000082300000, 0x0000000082200000| Complete 
|  35|0x0000000082300000, 0x0000000082400000, 0x0000000082400000|100%| O|  |TAMS 0x0000000082400000, 0x0000000082300000| Untracked 
|  36|0x0000000082400000, 0x0000000082500000, 0x0000000082500000|100%| O|  |TAMS 0x0000000082500000, 0x0000000082400000| Untracked 
|  37|0x0000000082500000, 0x0000000082600000, 0x0000000082600000|100%| O|  |TAMS 0x0000000082600000, 0x0000000082500000| Untracked 
|  38|0x0000000082600000, 0x0000000082700000, 0x0000000082700000|100%| O|  |TAMS 0x0000000082700000, 0x0000000082600000| Untracked 
|  39|0x0000000082700000, 0x0000000082800000, 0x0000000082800000|100%| O|  |TAMS 0x0000000082800000, 0x0000000082700000| Untracked 
|  40|0x0000000082800000, 0x0000000082900000, 0x0000000082900000|100%| O|  |TAMS 0x0000000082900000, 0x0000000082800000| Untracked 
|  41|0x0000000082900000, 0x0000000082a00000, 0x0000000082a00000|100%| O|  |TAMS 0x0000000082a00000, 0x0000000082900000| Untracked 
|  42|0x0000000082a00000, 0x0000000082b00000, 0x0000000082b00000|100%| O|  |TAMS 0x0000000082b00000, 0x0000000082a00000| Untracked 
|  43|0x0000000082b00000, 0x0000000082c00000, 0x0000000082c00000|100%| O|  |TAMS 0x0000000082c00000, 0x0000000082b00000| Untracked 
|  44|0x0000000082c00000, 0x0000000082d00000, 0x0000000082d00000|100%| O|  |TAMS 0x0000000082d00000, 0x0000000082c00000| Untracked 
|  45|0x0000000082d00000, 0x0000000082e00000, 0x0000000082e00000|100%| O|  |TAMS 0x0000000082e00000, 0x0000000082d00000| Untracked 
|  46|0x0000000082e00000, 0x0000000082f00000, 0x0000000082f00000|100%| O|  |TAMS 0x0000000082f00000, 0x0000000082e00000| Untracked 
|  47|0x0000000082f00000, 0x0000000083000000, 0x0000000083000000|100%| O|  |TAMS 0x0000000083000000, 0x0000000082f00000| Untracked 
|  48|0x0000000083000000, 0x0000000083100000, 0x0000000083100000|100%| O|  |TAMS 0x0000000083100000, 0x0000000083000000| Untracked 
|  49|0x0000000083100000, 0x0000000083200000, 0x0000000083200000|100%| O|  |TAMS 0x0000000083200000, 0x0000000083100000| Untracked 
|  50|0x0000000083200000, 0x0000000083300000, 0x0000000083300000|100%| O|  |TAMS 0x0000000083300000, 0x0000000083200000| Untracked 
|  51|0x0000000083300000, 0x0000000083400000, 0x0000000083400000|100%| O|  |TAMS 0x0000000083400000, 0x0000000083300000| Untracked 
|  52|0x0000000083400000, 0x0000000083500000, 0x0000000083500000|100%| O|  |TAMS 0x0000000083500000, 0x0000000083400000| Untracked 
|  53|0x0000000083500000, 0x0000000083600000, 0x0000000083600000|100%| O|  |TAMS 0x0000000083600000, 0x0000000083500000| Untracked 
|  54|0x0000000083600000, 0x0000000083700000, 0x0000000083700000|100%| O|  |TAMS 0x0000000083700000, 0x0000000083600000| Untracked 
|  55|0x0000000083700000, 0x0000000083800000, 0x0000000083800000|100%| O|  |TAMS 0x0000000083800000, 0x0000000083700000| Untracked 
|  56|0x0000000083800000, 0x0000000083900000, 0x0000000083900000|100%| O|  |TAMS 0x0000000083900000, 0x0000000083800000| Untracked 
|  57|0x0000000083900000, 0x0000000083a00000, 0x0000000083a00000|100%| O|  |TAMS 0x0000000083a00000, 0x0000000083900000| Untracked 
|  58|0x0000000083a00000, 0x0000000083b00000, 0x0000000083b00000|100%| O|  |TAMS 0x0000000083b00000, 0x0000000083a00000| Untracked 
|  59|0x0000000083b00000, 0x0000000083c00000, 0x0000000083c00000|100%| O|  |TAMS 0x0000000083c00000, 0x0000000083b00000| Untracked 
|  60|0x0000000083c00000, 0x0000000083c00000, 0x0000000083d00000|  0%| F|  |TAMS 0x0000000083c00000, 0x0000000083c00000| Untracked 
|  61|0x0000000083d00000, 0x0000000083e00000, 0x0000000083e00000|100%| O|  |TAMS 0x0000000083e00000, 0x0000000083d00000| Untracked 
|  62|0x0000000083e00000, 0x0000000083f00000, 0x0000000083f00000|100%| O|  |TAMS 0x0000000083f00000, 0x0000000083e00000| Untracked 
|  63|0x0000000083f00000, 0x0000000084000000, 0x0000000084000000|100%| O|  |TAMS 0x0000000084000000, 0x0000000083f00000| Untracked 
|  64|0x0000000084000000, 0x0000000084100000, 0x0000000084100000|100%| O|  |TAMS 0x0000000084100000, 0x0000000084000000| Untracked 
|  65|0x0000000084100000, 0x0000000084200000, 0x0000000084200000|100%| O|  |TAMS 0x0000000084200000, 0x0000000084100000| Untracked 
|  66|0x0000000084200000, 0x0000000084300000, 0x0000000084300000|100%|HS|  |TAMS 0x0000000084300000, 0x0000000084200000| Complete 
|  67|0x0000000084300000, 0x0000000084400000, 0x0000000084400000|100%| O|  |TAMS 0x0000000084400000, 0x0000000084300000| Untracked 
|  68|0x0000000084400000, 0x0000000084500000, 0x0000000084500000|100%| O|  |TAMS 0x0000000084500000, 0x0000000084400000| Untracked 
|  69|0x0000000084500000, 0x0000000084600000, 0x0000000084600000|100%|HS|  |TAMS 0x0000000084600000, 0x0000000084500000| Complete 
|  70|0x0000000084600000, 0x0000000084700000, 0x0000000084700000|100%| O|  |TAMS 0x0000000084700000, 0x0000000084600000| Untracked 
|  71|0x0000000084700000, 0x0000000084800000, 0x0000000084800000|100%|HS|  |TAMS 0x0000000084800000, 0x0000000084700000| Complete 
|  72|0x0000000084800000, 0x0000000084900000, 0x0000000084900000|100%|HC|  |TAMS 0x0000000084900000, 0x0000000084800000| Complete 
|  73|0x0000000084900000, 0x0000000084a00000, 0x0000000084a00000|100%|HC|  |TAMS 0x0000000084a00000, 0x0000000084900000| Complete 
|  74|0x0000000084a00000, 0x0000000084b00000, 0x0000000084b00000|100%| O|  |TAMS 0x0000000084b00000, 0x0000000084a00000| Untracked 
|  75|0x0000000084b00000, 0x0000000084c00000, 0x0000000084c00000|100%| O|  |TAMS 0x0000000084c00000, 0x0000000084b00000| Untracked 
|  76|0x0000000084c00000, 0x0000000084d00000, 0x0000000084d00000|100%| O|  |TAMS 0x0000000084d00000, 0x0000000084c00000| Untracked 
|  77|0x0000000084d00000, 0x0000000084e00000, 0x0000000084e00000|100%|HS|  |TAMS 0x0000000084e00000, 0x0000000084d00000| Complete 
|  78|0x0000000084e00000, 0x0000000084f00000, 0x0000000084f00000|100%|HS|  |TAMS 0x0000000084f00000, 0x0000000084e00000| Complete 
|  79|0x0000000084f00000, 0x0000000085000000, 0x0000000085000000|100%| O|  |TAMS 0x0000000085000000, 0x0000000084f00000| Untracked 
|  80|0x0000000085000000, 0x0000000085100000, 0x0000000085100000|100%| O|  |TAMS 0x0000000085100000, 0x0000000085000000| Untracked 
|  81|0x0000000085100000, 0x0000000085200000, 0x0000000085200000|100%| O|  |TAMS 0x0000000085200000, 0x0000000085100000| Untracked 
|  82|0x0000000085200000, 0x0000000085300000, 0x0000000085300000|100%| O|  |TAMS 0x0000000085300000, 0x0000000085200000| Untracked 
|  83|0x0000000085300000, 0x0000000085400000, 0x0000000085400000|100%|HS|  |TAMS 0x0000000085400000, 0x0000000085300000| Complete 
|  84|0x0000000085400000, 0x0000000085500000, 0x0000000085500000|100%| O|  |TAMS 0x0000000085500000, 0x0000000085400000| Untracked 
|  85|0x0000000085500000, 0x0000000085600000, 0x0000000085600000|100%| O|  |TAMS 0x0000000085600000, 0x0000000085500000| Untracked 
|  86|0x0000000085600000, 0x0000000085700000, 0x0000000085700000|100%| O|  |TAMS 0x0000000085700000, 0x0000000085600000| Untracked 
|  87|0x0000000085700000, 0x0000000085800000, 0x0000000085800000|100%| O|  |TAMS 0x0000000085800000, 0x0000000085700000| Untracked 
|  88|0x0000000085800000, 0x0000000085900000, 0x0000000085900000|100%| O|  |TAMS 0x0000000085900000, 0x0000000085800000| Untracked 
|  89|0x0000000085900000, 0x0000000085a00000, 0x0000000085a00000|100%| O|  |TAMS 0x0000000085a00000, 0x0000000085900000| Untracked 
|  90|0x0000000085a00000, 0x0000000085a00000, 0x0000000085b00000|  0%| F|  |TAMS 0x0000000085a00000, 0x0000000085a00000| Untracked 
|  91|0x0000000085b00000, 0x0000000085c00000, 0x0000000085c00000|100%| O|  |TAMS 0x0000000085c00000, 0x0000000085b00000| Untracked 
|  92|0x0000000085c00000, 0x0000000085d00000, 0x0000000085d00000|100%| O|  |TAMS 0x0000000085d00000, 0x0000000085c00000| Untracked 
|  93|0x0000000085d00000, 0x0000000085e00000, 0x0000000085e00000|100%| O|  |TAMS 0x0000000085e00000, 0x0000000085d00000| Untracked 
|  94|0x0000000085e00000, 0x0000000085f00000, 0x0000000085f00000|100%|HS|  |TAMS 0x0000000085f00000, 0x0000000085e00000| Complete 
|  95|0x0000000085f00000, 0x0000000086000000, 0x0000000086000000|100%| O|  |TAMS 0x0000000086000000, 0x0000000085f00000| Untracked 
|  96|0x0000000086000000, 0x0000000086100000, 0x0000000086100000|100%| O|  |TAMS 0x0000000086100000, 0x0000000086000000| Untracked 
|  97|0x0000000086100000, 0x0000000086200000, 0x0000000086200000|100%|HS|  |TAMS 0x0000000086200000, 0x0000000086100000| Complete 
|  98|0x0000000086200000, 0x0000000086300000, 0x0000000086300000|100%|HS|  |TAMS 0x0000000086300000, 0x0000000086200000| Complete 
|  99|0x0000000086300000, 0x0000000086400000, 0x0000000086400000|100%|HC|  |TAMS 0x0000000086400000, 0x0000000086300000| Complete 
| 100|0x0000000086400000, 0x0000000086500000, 0x0000000086500000|100%|HC|  |TAMS 0x0000000086500000, 0x0000000086400000| Complete 
| 101|0x0000000086500000, 0x0000000086600000, 0x0000000086600000|100%| O|  |TAMS 0x0000000086600000, 0x0000000086500000| Untracked 
| 102|0x0000000086600000, 0x0000000086700000, 0x0000000086700000|100%| O|  |TAMS 0x0000000086600000, 0x0000000086600000| Untracked 
| 103|0x0000000086700000, 0x0000000086800000, 0x0000000086800000|100%| O|  |TAMS 0x0000000086800000, 0x0000000086700000| Untracked 
| 104|0x0000000086800000, 0x0000000086900000, 0x0000000086900000|100%| O|  |TAMS 0x0000000086900000, 0x0000000086800000| Untracked 
| 105|0x0000000086900000, 0x0000000086a00000, 0x0000000086a00000|100%| O|  |TAMS 0x0000000086a00000, 0x0000000086900000| Untracked 
| 106|0x0000000086a00000, 0x0000000086b00000, 0x0000000086b00000|100%| O|  |TAMS 0x0000000086b00000, 0x0000000086a00000| Untracked 
| 107|0x0000000086b00000, 0x0000000086c00000, 0x0000000086c00000|100%| O|  |TAMS 0x0000000086c00000, 0x0000000086b00000| Untracked 
| 108|0x0000000086c00000, 0x0000000086d00000, 0x0000000086d00000|100%| O|  |TAMS 0x0000000086d00000, 0x0000000086c00000| Untracked 
| 109|0x0000000086d00000, 0x0000000086e00000, 0x0000000086e00000|100%| O|  |TAMS 0x0000000086e00000, 0x0000000086d00000| Untracked 
| 110|0x0000000086e00000, 0x0000000086f00000, 0x0000000086f00000|100%| O|  |TAMS 0x0000000086e00000, 0x0000000086e00000| Untracked 
| 111|0x0000000086f00000, 0x0000000087000000, 0x0000000087000000|100%| O|  |TAMS 0x0000000087000000, 0x0000000086f00000| Untracked 
| 112|0x0000000087000000, 0x0000000087100000, 0x0000000087100000|100%| O|  |TAMS 0x0000000087100000, 0x0000000087000000| Untracked 
| 113|0x0000000087100000, 0x0000000087100000, 0x0000000087200000|  0%| F|  |TAMS 0x0000000087100000, 0x0000000087100000| Untracked 
| 114|0x0000000087200000, 0x0000000087300000, 0x0000000087300000|100%| O|  |TAMS 0x0000000087200000, 0x0000000087200000| Untracked 
| 115|0x0000000087300000, 0x0000000087400000, 0x0000000087400000|100%| O|  |TAMS 0x0000000087400000, 0x0000000087300000| Untracked 
| 116|0x0000000087400000, 0x0000000087500000, 0x0000000087500000|100%| O|  |TAMS 0x0000000087500000, 0x0000000087400000| Untracked 
| 117|0x0000000087500000, 0x0000000087600000, 0x0000000087600000|100%| O|  |TAMS 0x0000000087600000, 0x0000000087500000| Untracked 
| 118|0x0000000087600000, 0x0000000087700000, 0x0000000087700000|100%| O|  |TAMS 0x0000000087700000, 0x0000000087600000| Untracked 
| 119|0x0000000087700000, 0x0000000087800000, 0x0000000087800000|100%| O|  |TAMS 0x0000000087800000, 0x0000000087700000| Untracked 
| 120|0x0000000087800000, 0x0000000087900000, 0x0000000087900000|100%| O|  |TAMS 0x0000000087900000, 0x0000000087800000| Untracked 
| 121|0x0000000087900000, 0x0000000087a00000, 0x0000000087a00000|100%| O|  |TAMS 0x0000000087a00000, 0x0000000087900000| Untracked 
| 122|0x0000000087a00000, 0x0000000087b00000, 0x0000000087b00000|100%|HS|  |TAMS 0x0000000087b00000, 0x0000000087a00000| Complete 
| 123|0x0000000087b00000, 0x0000000087c00000, 0x0000000087c00000|100%|HC|  |TAMS 0x0000000087c00000, 0x0000000087b00000| Complete 
| 124|0x0000000087c00000, 0x0000000087d00000, 0x0000000087d00000|100%|HC|  |TAMS 0x0000000087d00000, 0x0000000087c00000| Complete 
| 125|0x0000000087d00000, 0x0000000087e00000, 0x0000000087e00000|100%| O|  |TAMS 0x0000000087e00000, 0x0000000087d00000| Untracked 
| 126|0x0000000087e00000, 0x0000000087f00000, 0x0000000087f00000|100%| O|  |TAMS 0x0000000087f00000, 0x0000000087e00000| Untracked 
| 127|0x0000000087f00000, 0x0000000088000000, 0x0000000088000000|100%| O|  |TAMS 0x0000000088000000, 0x0000000087f00000| Untracked 
| 128|0x0000000088000000, 0x0000000088100000, 0x0000000088100000|100%| O|  |TAMS 0x0000000088100000, 0x0000000088000000| Untracked 
| 129|0x0000000088100000, 0x0000000088200000, 0x0000000088200000|100%|HS|  |TAMS 0x0000000088200000, 0x0000000088100000| Complete 
| 130|0x0000000088200000, 0x0000000088300000, 0x0000000088300000|100%| O|  |TAMS 0x0000000088300000, 0x0000000088200000| Untracked 
| 131|0x0000000088300000, 0x0000000088400000, 0x0000000088400000|100%| O|  |TAMS 0x0000000088400000, 0x0000000088300000| Untracked 
| 132|0x0000000088400000, 0x0000000088500000, 0x0000000088500000|100%| O|  |TAMS 0x0000000088500000, 0x0000000088400000| Untracked 
| 133|0x0000000088500000, 0x0000000088600000, 0x0000000088600000|100%| O|  |TAMS 0x0000000088600000, 0x0000000088500000| Untracked 
| 134|0x0000000088600000, 0x0000000088600000, 0x0000000088700000|  0%| F|  |TAMS 0x0000000088600000, 0x0000000088600000| Untracked 
| 135|0x0000000088700000, 0x0000000088800000, 0x0000000088800000|100%| O|  |TAMS 0x0000000088800000, 0x0000000088700000| Untracked 
| 136|0x0000000088800000, 0x0000000088900000, 0x0000000088900000|100%| O|  |TAMS 0x0000000088900000, 0x0000000088800000| Untracked 
| 137|0x0000000088900000, 0x0000000088a00000, 0x0000000088a00000|100%| O|  |TAMS 0x0000000088a00000, 0x0000000088900000| Untracked 
| 138|0x0000000088a00000, 0x0000000088b00000, 0x0000000088b00000|100%| O|  |TAMS 0x0000000088b00000, 0x0000000088a00000| Untracked 
| 139|0x0000000088b00000, 0x0000000088c00000, 0x0000000088c00000|100%| O|  |TAMS 0x0000000088c00000, 0x0000000088b00000| Untracked 
| 140|0x0000000088c00000, 0x0000000088d00000, 0x0000000088d00000|100%| O|  |TAMS 0x0000000088d00000, 0x0000000088c00000| Untracked 
| 141|0x0000000088d00000, 0x0000000088e00000, 0x0000000088e00000|100%| O|  |TAMS 0x0000000088e00000, 0x0000000088d00000| Untracked 
| 142|0x0000000088e00000, 0x0000000088f00000, 0x0000000088f00000|100%| O|  |TAMS 0x0000000088f00000, 0x0000000088e00000| Untracked 
| 143|0x0000000088f00000, 0x0000000089000000, 0x0000000089000000|100%| O|  |TAMS 0x0000000089000000, 0x0000000088f00000| Untracked 
| 144|0x0000000089000000, 0x0000000089100000, 0x0000000089100000|100%| O|  |TAMS 0x0000000089100000, 0x0000000089000000| Untracked 
| 145|0x0000000089100000, 0x0000000089200000, 0x0000000089200000|100%|HS|  |TAMS 0x0000000089200000, 0x0000000089100000| Complete 
| 146|0x0000000089200000, 0x0000000089300000, 0x0000000089300000|100%| O|  |TAMS 0x0000000089300000, 0x0000000089200000| Untracked 
| 147|0x0000000089300000, 0x0000000089400000, 0x0000000089400000|100%| O|  |TAMS 0x0000000089400000, 0x0000000089300000| Untracked 
| 148|0x0000000089400000, 0x0000000089500000, 0x0000000089500000|100%| O|  |TAMS 0x0000000089500000, 0x0000000089400000| Untracked 
| 149|0x0000000089500000, 0x0000000089600000, 0x0000000089600000|100%| O|  |TAMS 0x0000000089600000, 0x0000000089500000| Untracked 
| 150|0x0000000089600000, 0x0000000089700000, 0x0000000089700000|100%| O|  |TAMS 0x0000000089700000, 0x0000000089600000| Untracked 
| 151|0x0000000089700000, 0x0000000089800000, 0x0000000089800000|100%| O|  |TAMS 0x0000000089800000, 0x0000000089700000| Untracked 
| 152|0x0000000089800000, 0x0000000089900000, 0x0000000089900000|100%| O|  |TAMS 0x0000000089900000, 0x0000000089800000| Untracked 
| 153|0x0000000089900000, 0x0000000089a00000, 0x0000000089a00000|100%| O|  |TAMS 0x0000000089a00000, 0x0000000089900000| Untracked 
| 154|0x0000000089a00000, 0x0000000089b00000, 0x0000000089b00000|100%| O|  |TAMS 0x0000000089b00000, 0x0000000089a00000| Untracked 
| 155|0x0000000089b00000, 0x0000000089c00000, 0x0000000089c00000|100%| O|  |TAMS 0x0000000089b00000, 0x0000000089b00000| Untracked 
| 156|0x0000000089c00000, 0x0000000089d00000, 0x0000000089d00000|100%| O|  |TAMS 0x0000000089d00000, 0x0000000089c00000| Untracked 
| 157|0x0000000089d00000, 0x0000000089e00000, 0x0000000089e00000|100%| O|  |TAMS 0x0000000089e00000, 0x0000000089d00000| Untracked 
| 158|0x0000000089e00000, 0x0000000089f00000, 0x0000000089f00000|100%| O|  |TAMS 0x0000000089f00000, 0x0000000089e00000| Untracked 
| 159|0x0000000089f00000, 0x000000008a000000, 0x000000008a000000|100%| O|  |TAMS 0x000000008a000000, 0x0000000089f00000| Untracked 
| 160|0x000000008a000000, 0x000000008a100000, 0x000000008a100000|100%| O|  |TAMS 0x000000008a100000, 0x000000008a000000| Untracked 
| 161|0x000000008a100000, 0x000000008a200000, 0x000000008a200000|100%| O|  |TAMS 0x000000008a200000, 0x000000008a100000| Untracked 
| 162|0x000000008a200000, 0x000000008a300000, 0x000000008a300000|100%| O|  |TAMS 0x000000008a300000, 0x000000008a200000| Untracked 
| 163|0x000000008a300000, 0x000000008a400000, 0x000000008a400000|100%| O|  |TAMS 0x000000008a400000, 0x000000008a300000| Untracked 
| 164|0x000000008a400000, 0x000000008a500000, 0x000000008a500000|100%| O|  |TAMS 0x000000008a500000, 0x000000008a400000| Untracked 
| 165|0x000000008a500000, 0x000000008a600000, 0x000000008a600000|100%| O|  |TAMS 0x000000008a600000, 0x000000008a500000| Untracked 
| 166|0x000000008a600000, 0x000000008a700000, 0x000000008a700000|100%| O|  |TAMS 0x000000008a700000, 0x000000008a600000| Untracked 
| 167|0x000000008a700000, 0x000000008a800000, 0x000000008a800000|100%| O|  |TAMS 0x000000008a800000, 0x000000008a700000| Untracked 
| 168|0x000000008a800000, 0x000000008a900000, 0x000000008a900000|100%| O|  |TAMS 0x000000008a900000, 0x000000008a800000| Untracked 
| 169|0x000000008a900000, 0x000000008aa00000, 0x000000008aa00000|100%| O|  |TAMS 0x000000008aa00000, 0x000000008a900000| Untracked 
| 170|0x000000008aa00000, 0x000000008ab00000, 0x000000008ab00000|100%| O|  |TAMS 0x000000008ab00000, 0x000000008aa00000| Untracked 
| 171|0x000000008ab00000, 0x000000008ac00000, 0x000000008ac00000|100%| O|  |TAMS 0x000000008ab00000, 0x000000008ab00000| Untracked 
| 172|0x000000008ac00000, 0x000000008ad00000, 0x000000008ad00000|100%| O|  |TAMS 0x000000008ad00000, 0x000000008ac00000| Untracked 
| 173|0x000000008ad00000, 0x000000008ae00000, 0x000000008ae00000|100%| O|  |TAMS 0x000000008ae00000, 0x000000008ad00000| Untracked 
| 174|0x000000008ae00000, 0x000000008af00000, 0x000000008af00000|100%| O|  |TAMS 0x000000008af00000, 0x000000008ae00000| Untracked 
| 175|0x000000008af00000, 0x000000008b000000, 0x000000008b000000|100%| O|  |TAMS 0x000000008b000000, 0x000000008af00000| Untracked 
| 176|0x000000008b000000, 0x000000008b100000, 0x000000008b100000|100%| O|  |TAMS 0x000000008b100000, 0x000000008b000000| Untracked 
| 177|0x000000008b100000, 0x000000008b200000, 0x000000008b200000|100%| O|  |TAMS 0x000000008b200000, 0x000000008b100000| Untracked 
| 178|0x000000008b200000, 0x000000008b300000, 0x000000008b300000|100%| O|  |TAMS 0x000000008b300000, 0x000000008b200000| Untracked 
| 179|0x000000008b300000, 0x000000008b400000, 0x000000008b400000|100%| O|  |TAMS 0x000000008b400000, 0x000000008b300000| Untracked 
| 180|0x000000008b400000, 0x000000008b500000, 0x000000008b500000|100%| O|  |TAMS 0x000000008b500000, 0x000000008b400000| Untracked 
| 181|0x000000008b500000, 0x000000008b600000, 0x000000008b600000|100%| O|  |TAMS 0x000000008b600000, 0x000000008b500000| Untracked 
| 182|0x000000008b600000, 0x000000008b700000, 0x000000008b700000|100%| O|  |TAMS 0x000000008b700000, 0x000000008b600000| Untracked 
| 183|0x000000008b700000, 0x000000008b800000, 0x000000008b800000|100%| O|  |TAMS 0x000000008b800000, 0x000000008b700000| Untracked 
| 184|0x000000008b800000, 0x000000008b900000, 0x000000008b900000|100%| O|  |TAMS 0x000000008b900000, 0x000000008b800000| Untracked 
| 185|0x000000008b900000, 0x000000008ba00000, 0x000000008ba00000|100%| O|  |TAMS 0x000000008ba00000, 0x000000008b900000| Untracked 
| 186|0x000000008ba00000, 0x000000008bb00000, 0x000000008bb00000|100%| O|  |TAMS 0x000000008bb00000, 0x000000008ba00000| Untracked 
| 187|0x000000008bb00000, 0x000000008bc00000, 0x000000008bc00000|100%| O|  |TAMS 0x000000008bc00000, 0x000000008bb00000| Untracked 
| 188|0x000000008bc00000, 0x000000008bd00000, 0x000000008bd00000|100%| O|  |TAMS 0x000000008bd00000, 0x000000008bc00000| Untracked 
| 189|0x000000008bd00000, 0x000000008be00000, 0x000000008be00000|100%| O|  |TAMS 0x000000008be00000, 0x000000008bd00000| Untracked 
| 190|0x000000008be00000, 0x000000008bf00000, 0x000000008bf00000|100%| O|  |TAMS 0x000000008bf00000, 0x000000008be00000| Untracked 
| 191|0x000000008bf00000, 0x000000008c000000, 0x000000008c000000|100%| O|  |TAMS 0x000000008c000000, 0x000000008bf00000| Untracked 
| 192|0x000000008c000000, 0x000000008c100000, 0x000000008c100000|100%| O|  |TAMS 0x000000008c100000, 0x000000008c000000| Untracked 
| 193|0x000000008c100000, 0x000000008c200000, 0x000000008c200000|100%| O|  |TAMS 0x000000008c200000, 0x000000008c100000| Untracked 
| 194|0x000000008c200000, 0x000000008c300000, 0x000000008c300000|100%| O|  |TAMS 0x000000008c300000, 0x000000008c200000| Untracked 
| 195|0x000000008c300000, 0x000000008c400000, 0x000000008c400000|100%| O|  |TAMS 0x000000008c400000, 0x000000008c300000| Untracked 
| 196|0x000000008c400000, 0x000000008c500000, 0x000000008c500000|100%| O|  |TAMS 0x000000008c500000, 0x000000008c400000| Untracked 
| 197|0x000000008c500000, 0x000000008c600000, 0x000000008c600000|100%| O|  |TAMS 0x000000008c600000, 0x000000008c500000| Untracked 
| 198|0x000000008c600000, 0x000000008c700000, 0x000000008c700000|100%| O|  |TAMS 0x000000008c700000, 0x000000008c600000| Untracked 
| 199|0x000000008c700000, 0x000000008c800000, 0x000000008c800000|100%| O|  |TAMS 0x000000008c800000, 0x000000008c700000| Untracked 
| 200|0x000000008c800000, 0x000000008c900000, 0x000000008c900000|100%| O|  |TAMS 0x000000008c900000, 0x000000008c800000| Untracked 
| 201|0x000000008c900000, 0x000000008ca00000, 0x000000008ca00000|100%| O|  |TAMS 0x000000008ca00000, 0x000000008c900000| Untracked 
| 202|0x000000008ca00000, 0x000000008cb00000, 0x000000008cb00000|100%| O|  |TAMS 0x000000008cb00000, 0x000000008ca00000| Untracked 
| 203|0x000000008cb00000, 0x000000008cc00000, 0x000000008cc00000|100%| O|  |TAMS 0x000000008cc00000, 0x000000008cb00000| Untracked 
| 204|0x000000008cc00000, 0x000000008cd00000, 0x000000008cd00000|100%| O|  |TAMS 0x000000008cd00000, 0x000000008cc00000| Untracked 
| 205|0x000000008cd00000, 0x000000008ce00000, 0x000000008ce00000|100%| O|  |TAMS 0x000000008ce00000, 0x000000008cd00000| Untracked 
| 206|0x000000008ce00000, 0x000000008cf00000, 0x000000008cf00000|100%| O|  |TAMS 0x000000008cf00000, 0x000000008ce00000| Untracked 
| 207|0x000000008cf00000, 0x000000008d000000, 0x000000008d000000|100%| O|  |TAMS 0x000000008d000000, 0x000000008cf00000| Untracked 
| 208|0x000000008d000000, 0x000000008d100000, 0x000000008d100000|100%| O|  |TAMS 0x000000008d100000, 0x000000008d000000| Untracked 
| 209|0x000000008d100000, 0x000000008d200000, 0x000000008d200000|100%| O|  |TAMS 0x000000008d200000, 0x000000008d100000| Untracked 
| 210|0x000000008d200000, 0x000000008d300000, 0x000000008d300000|100%| O|  |TAMS 0x000000008d300000, 0x000000008d200000| Untracked 
| 211|0x000000008d300000, 0x000000008d400000, 0x000000008d400000|100%| O|  |TAMS 0x000000008d400000, 0x000000008d300000| Untracked 
| 212|0x000000008d400000, 0x000000008d500000, 0x000000008d500000|100%| O|  |TAMS 0x000000008d500000, 0x000000008d400000| Untracked 
| 213|0x000000008d500000, 0x000000008d600000, 0x000000008d600000|100%| O|  |TAMS 0x000000008d600000, 0x000000008d500000| Untracked 
| 214|0x000000008d600000, 0x000000008d700000, 0x000000008d700000|100%| O|  |TAMS 0x000000008d700000, 0x000000008d600000| Untracked 
| 215|0x000000008d700000, 0x000000008d800000, 0x000000008d800000|100%| O|  |TAMS 0x000000008d800000, 0x000000008d700000| Untracked 
| 216|0x000000008d800000, 0x000000008d900000, 0x000000008d900000|100%| O|  |TAMS 0x000000008d900000, 0x000000008d800000| Untracked 
| 217|0x000000008d900000, 0x000000008da00000, 0x000000008da00000|100%| O|  |TAMS 0x000000008da00000, 0x000000008d900000| Untracked 
| 218|0x000000008da00000, 0x000000008db00000, 0x000000008db00000|100%| O|  |TAMS 0x000000008db00000, 0x000000008da00000| Untracked 
| 219|0x000000008db00000, 0x000000008dc00000, 0x000000008dc00000|100%| O|  |TAMS 0x000000008dc00000, 0x000000008db00000| Untracked 
| 220|0x000000008dc00000, 0x000000008dd00000, 0x000000008dd00000|100%| O|  |TAMS 0x000000008dd00000, 0x000000008dc00000| Untracked 
| 221|0x000000008dd00000, 0x000000008de00000, 0x000000008de00000|100%| O|  |TAMS 0x000000008de00000, 0x000000008dd00000| Untracked 
| 222|0x000000008de00000, 0x000000008df00000, 0x000000008df00000|100%| O|  |TAMS 0x000000008df00000, 0x000000008de00000| Untracked 
| 223|0x000000008df00000, 0x000000008e000000, 0x000000008e000000|100%| O|  |TAMS 0x000000008e000000, 0x000000008df00000| Untracked 
| 224|0x000000008e000000, 0x000000008e100000, 0x000000008e100000|100%| O|  |TAMS 0x000000008e100000, 0x000000008e000000| Untracked 
| 225|0x000000008e100000, 0x000000008e200000, 0x000000008e200000|100%| O|  |TAMS 0x000000008e200000, 0x000000008e100000| Untracked 
| 226|0x000000008e200000, 0x000000008e300000, 0x000000008e300000|100%| O|  |TAMS 0x000000008e300000, 0x000000008e200000| Untracked 
| 227|0x000000008e300000, 0x000000008e400000, 0x000000008e400000|100%| O|  |TAMS 0x000000008e400000, 0x000000008e300000| Untracked 
| 228|0x000000008e400000, 0x000000008e500000, 0x000000008e500000|100%| O|  |TAMS 0x000000008e500000, 0x000000008e400000| Untracked 
| 229|0x000000008e500000, 0x000000008e600000, 0x000000008e600000|100%| O|  |TAMS 0x000000008e600000, 0x000000008e500000| Untracked 
| 230|0x000000008e600000, 0x000000008e700000, 0x000000008e700000|100%| O|  |TAMS 0x000000008e700000, 0x000000008e600000| Untracked 
| 231|0x000000008e700000, 0x000000008e800000, 0x000000008e800000|100%| O|  |TAMS 0x000000008e800000, 0x000000008e700000| Untracked 
| 232|0x000000008e800000, 0x000000008e900000, 0x000000008e900000|100%| O|  |TAMS 0x000000008e900000, 0x000000008e800000| Untracked 
| 233|0x000000008e900000, 0x000000008ea00000, 0x000000008ea00000|100%| O|  |TAMS 0x000000008ea00000, 0x000000008e900000| Untracked 
| 234|0x000000008ea00000, 0x000000008eb00000, 0x000000008eb00000|100%| O|  |TAMS 0x000000008eb00000, 0x000000008ea00000| Untracked 
| 235|0x000000008eb00000, 0x000000008ec00000, 0x000000008ec00000|100%| O|  |TAMS 0x000000008ec00000, 0x000000008eb00000| Untracked 
| 236|0x000000008ec00000, 0x000000008ed00000, 0x000000008ed00000|100%| O|  |TAMS 0x000000008ed00000, 0x000000008ec00000| Untracked 
| 237|0x000000008ed00000, 0x000000008ee00000, 0x000000008ee00000|100%| O|  |TAMS 0x000000008ee00000, 0x000000008ed00000| Untracked 
| 238|0x000000008ee00000, 0x000000008ef00000, 0x000000008ef00000|100%| O|  |TAMS 0x000000008ef00000, 0x000000008ee00000| Untracked 
| 239|0x000000008ef00000, 0x000000008f000000, 0x000000008f000000|100%| O|  |TAMS 0x000000008f000000, 0x000000008ef00000| Untracked 
| 240|0x000000008f000000, 0x000000008f100000, 0x000000008f100000|100%| O|  |TAMS 0x000000008f100000, 0x000000008f000000| Untracked 
| 241|0x000000008f100000, 0x000000008f200000, 0x000000008f200000|100%| O|  |TAMS 0x000000008f200000, 0x000000008f100000| Untracked 
| 242|0x000000008f200000, 0x000000008f300000, 0x000000008f300000|100%| O|  |TAMS 0x000000008f300000, 0x000000008f200000| Untracked 
| 243|0x000000008f300000, 0x000000008f400000, 0x000000008f400000|100%| O|  |TAMS 0x000000008f400000, 0x000000008f300000| Untracked 
| 244|0x000000008f400000, 0x000000008f500000, 0x000000008f500000|100%| O|  |TAMS 0x000000008f500000, 0x000000008f400000| Untracked 
| 245|0x000000008f500000, 0x000000008f600000, 0x000000008f600000|100%| O|  |TAMS 0x000000008f600000, 0x000000008f500000| Untracked 
| 246|0x000000008f600000, 0x000000008f700000, 0x000000008f700000|100%| O|  |TAMS 0x000000008f700000, 0x000000008f600000| Untracked 
| 247|0x000000008f700000, 0x000000008f800000, 0x000000008f800000|100%| O|  |TAMS 0x000000008f800000, 0x000000008f700000| Untracked 
| 248|0x000000008f800000, 0x000000008f900000, 0x000000008f900000|100%| O|  |TAMS 0x000000008f900000, 0x000000008f800000| Untracked 
| 249|0x000000008f900000, 0x000000008fa00000, 0x000000008fa00000|100%| O|  |TAMS 0x000000008fa00000, 0x000000008f900000| Untracked 
| 250|0x000000008fa00000, 0x000000008fb00000, 0x000000008fb00000|100%| O|  |TAMS 0x000000008fb00000, 0x000000008fa00000| Untracked 
| 251|0x000000008fb00000, 0x000000008fc00000, 0x000000008fc00000|100%| O|  |TAMS 0x000000008fc00000, 0x000000008fb00000| Untracked 
| 252|0x000000008fc00000, 0x000000008fd00000, 0x000000008fd00000|100%| O|  |TAMS 0x000000008fd00000, 0x000000008fc00000| Untracked 
| 253|0x000000008fd00000, 0x000000008fe00000, 0x000000008fe00000|100%| O|  |TAMS 0x000000008fe00000, 0x000000008fd00000| Untracked 
| 254|0x000000008fe00000, 0x000000008fe00000, 0x000000008ff00000|  0%| F|  |TAMS 0x000000008fe00000, 0x000000008fe00000| Untracked 
| 255|0x000000008ff00000, 0x0000000090000000, 0x0000000090000000|100%| O|  |TAMS 0x0000000090000000, 0x000000008ff00000| Untracked 
| 256|0x0000000090000000, 0x0000000090100000, 0x0000000090100000|100%| O|  |TAMS 0x0000000090100000, 0x0000000090000000| Untracked 
| 257|0x0000000090100000, 0x0000000090200000, 0x0000000090200000|100%| O|  |TAMS 0x0000000090200000, 0x0000000090100000| Untracked 
| 258|0x0000000090200000, 0x0000000090300000, 0x0000000090300000|100%| O|  |TAMS 0x0000000090300000, 0x0000000090200000| Untracked 
| 259|0x0000000090300000, 0x0000000090400000, 0x0000000090400000|100%| O|  |TAMS 0x0000000090400000, 0x0000000090300000| Untracked 
| 260|0x0000000090400000, 0x0000000090500000, 0x0000000090500000|100%| O|  |TAMS 0x0000000090500000, 0x0000000090400000| Untracked 
| 261|0x0000000090500000, 0x0000000090600000, 0x0000000090600000|100%| O|  |TAMS 0x0000000090600000, 0x0000000090500000| Untracked 
| 262|0x0000000090600000, 0x0000000090700000, 0x0000000090700000|100%| O|  |TAMS 0x0000000090700000, 0x0000000090600000| Untracked 
| 263|0x0000000090700000, 0x0000000090800000, 0x0000000090800000|100%| O|  |TAMS 0x0000000090800000, 0x0000000090700000| Untracked 
| 264|0x0000000090800000, 0x0000000090900000, 0x0000000090900000|100%| O|  |TAMS 0x0000000090900000, 0x0000000090800000| Untracked 
| 265|0x0000000090900000, 0x0000000090a00000, 0x0000000090a00000|100%| O|  |TAMS 0x0000000090a00000, 0x0000000090900000| Untracked 
| 266|0x0000000090a00000, 0x0000000090b00000, 0x0000000090b00000|100%| O|  |TAMS 0x0000000090b00000, 0x0000000090a00000| Untracked 
| 267|0x0000000090b00000, 0x0000000090c00000, 0x0000000090c00000|100%| O|  |TAMS 0x0000000090c00000, 0x0000000090b00000| Untracked 
| 268|0x0000000090c00000, 0x0000000090d00000, 0x0000000090d00000|100%| O|  |TAMS 0x0000000090d00000, 0x0000000090c00000| Untracked 
| 269|0x0000000090d00000, 0x0000000090e00000, 0x0000000090e00000|100%| O|  |TAMS 0x0000000090e00000, 0x0000000090d00000| Untracked 
| 270|0x0000000090e00000, 0x0000000090f00000, 0x0000000090f00000|100%| O|  |TAMS 0x0000000090f00000, 0x0000000090e00000| Untracked 
| 271|0x0000000090f00000, 0x0000000091000000, 0x0000000091000000|100%| O|  |TAMS 0x0000000091000000, 0x0000000090f00000| Untracked 
| 272|0x0000000091000000, 0x0000000091100000, 0x0000000091100000|100%| O|  |TAMS 0x0000000091100000, 0x0000000091000000| Untracked 
| 273|0x0000000091100000, 0x0000000091200000, 0x0000000091200000|100%| O|  |TAMS 0x0000000091200000, 0x0000000091100000| Untracked 
| 274|0x0000000091200000, 0x0000000091300000, 0x0000000091300000|100%| O|  |TAMS 0x0000000091300000, 0x0000000091200000| Untracked 
| 275|0x0000000091300000, 0x0000000091400000, 0x0000000091400000|100%| O|  |TAMS 0x0000000091400000, 0x0000000091300000| Untracked 
| 276|0x0000000091400000, 0x0000000091500000, 0x0000000091500000|100%| O|  |TAMS 0x0000000091400000, 0x0000000091400000| Untracked 
| 277|0x0000000091500000, 0x0000000091600000, 0x0000000091600000|100%| O|  |TAMS 0x0000000091600000, 0x0000000091500000| Untracked 
| 278|0x0000000091600000, 0x0000000091700000, 0x0000000091700000|100%| O|  |TAMS 0x0000000091700000, 0x0000000091600000| Untracked 
| 279|0x0000000091700000, 0x0000000091800000, 0x0000000091800000|100%| O|  |TAMS 0x00000000917ea400, 0x0000000091700000| Untracked 
| 280|0x0000000091800000, 0x0000000091900000, 0x0000000091900000|100%| O|  |TAMS 0x0000000091900000, 0x0000000091800000| Untracked 
| 281|0x0000000091900000, 0x0000000091a00000, 0x0000000091a00000|100%| O|  |TAMS 0x0000000091a00000, 0x0000000091900000| Untracked 
| 282|0x0000000091a00000, 0x0000000091b00000, 0x0000000091b00000|100%| O|  |TAMS 0x0000000091b00000, 0x0000000091a00000| Untracked 
| 283|0x0000000091b00000, 0x0000000091c00000, 0x0000000091c00000|100%| O|  |TAMS 0x0000000091c00000, 0x0000000091b00000| Untracked 
| 284|0x0000000091c00000, 0x0000000091d00000, 0x0000000091d00000|100%| O|  |TAMS 0x0000000091d00000, 0x0000000091c00000| Untracked 
| 285|0x0000000091d00000, 0x0000000091d00000, 0x0000000091e00000|  0%| F|  |TAMS 0x0000000091d00000, 0x0000000091d00000| Untracked 
| 286|0x0000000091e00000, 0x0000000091f00000, 0x0000000091f00000|100%| O|  |TAMS 0x0000000091f00000, 0x0000000091e00000| Untracked 
| 287|0x0000000091f00000, 0x0000000092000000, 0x0000000092000000|100%| O|  |TAMS 0x0000000091f00000, 0x0000000091f00000| Untracked 
| 288|0x0000000092000000, 0x000000009208c400, 0x0000000092100000| 54%| O|  |TAMS 0x0000000092000000, 0x0000000092000000| Untracked 
| 289|0x0000000092100000, 0x0000000092100000, 0x0000000092200000|  0%| F|  |TAMS 0x0000000092100000, 0x0000000092100000| Untracked 
| 290|0x0000000092200000, 0x0000000092200000, 0x0000000092300000|  0%| F|  |TAMS 0x0000000092200000, 0x0000000092200000| Untracked 
| 291|0x0000000092300000, 0x0000000092300000, 0x0000000092400000|  0%| F|  |TAMS 0x0000000092300000, 0x0000000092300000| Untracked 
| 292|0x0000000092400000, 0x0000000092400000, 0x0000000092500000|  0%| F|  |TAMS 0x0000000092400000, 0x0000000092400000| Untracked 
| 293|0x0000000092500000, 0x0000000092500000, 0x0000000092600000|  0%| F|  |TAMS 0x0000000092500000, 0x0000000092500000| Untracked 
| 294|0x0000000092600000, 0x0000000092600000, 0x0000000092700000|  0%| F|  |TAMS 0x0000000092600000, 0x0000000092600000| Untracked 
| 295|0x0000000092700000, 0x0000000092700000, 0x0000000092800000|  0%| F|  |TAMS 0x0000000092700000, 0x0000000092700000| Untracked 
| 296|0x0000000092800000, 0x0000000092800000, 0x0000000092900000|  0%| F|  |TAMS 0x0000000092800000, 0x0000000092800000| Untracked 
| 297|0x0000000092900000, 0x0000000092900000, 0x0000000092a00000|  0%| F|  |TAMS 0x0000000092900000, 0x0000000092900000| Untracked 
| 298|0x0000000092a00000, 0x0000000092a00000, 0x0000000092b00000|  0%| F|  |TAMS 0x0000000092a00000, 0x0000000092a00000| Untracked 
| 299|0x0000000092b00000, 0x0000000092b00000, 0x0000000092c00000|  0%| F|  |TAMS 0x0000000092b00000, 0x0000000092b00000| Untracked 
| 300|0x0000000092c00000, 0x0000000092c00000, 0x0000000092d00000|  0%| F|  |TAMS 0x0000000092c00000, 0x0000000092c00000| Untracked 
| 301|0x0000000092d00000, 0x0000000092d00000, 0x0000000092e00000|  0%| F|  |TAMS 0x0000000092d00000, 0x0000000092d00000| Untracked 
| 302|0x0000000092e00000, 0x0000000092e00000, 0x0000000092f00000|  0%| F|  |TAMS 0x0000000092e00000, 0x0000000092e00000| Untracked 
| 303|0x0000000092f00000, 0x0000000092f00000, 0x0000000093000000|  0%| F|  |TAMS 0x0000000092f00000, 0x0000000092f00000| Untracked 
| 304|0x0000000093000000, 0x0000000093000000, 0x0000000093100000|  0%| F|  |TAMS 0x0000000093000000, 0x0000000093000000| Untracked 
| 305|0x0000000093100000, 0x0000000093100000, 0x0000000093200000|  0%| F|  |TAMS 0x0000000093100000, 0x0000000093100000| Untracked 
| 306|0x0000000093200000, 0x0000000093200000, 0x0000000093300000|  0%| F|  |TAMS 0x0000000093200000, 0x0000000093200000| Untracked 
| 307|0x0000000093300000, 0x0000000093300000, 0x0000000093400000|  0%| F|  |TAMS 0x0000000093300000, 0x0000000093300000| Untracked 
| 308|0x0000000093400000, 0x0000000093400000, 0x0000000093500000|  0%| F|  |TAMS 0x0000000093400000, 0x0000000093400000| Untracked 
| 309|0x0000000093500000, 0x0000000093500000, 0x0000000093600000|  0%| F|  |TAMS 0x0000000093500000, 0x0000000093500000| Untracked 
| 310|0x0000000093600000, 0x0000000093600000, 0x0000000093700000|  0%| F|  |TAMS 0x0000000093600000, 0x0000000093600000| Untracked 
| 311|0x0000000093700000, 0x0000000093700000, 0x0000000093800000|  0%| F|  |TAMS 0x0000000093700000, 0x0000000093700000| Untracked 
| 312|0x0000000093800000, 0x0000000093800000, 0x0000000093900000|  0%| F|  |TAMS 0x0000000093800000, 0x0000000093800000| Untracked 
| 313|0x0000000093900000, 0x0000000093900000, 0x0000000093a00000|  0%| F|  |TAMS 0x0000000093900000, 0x0000000093900000| Untracked 
| 314|0x0000000093a00000, 0x0000000093a00000, 0x0000000093b00000|  0%| F|  |TAMS 0x0000000093a00000, 0x0000000093a00000| Untracked 
| 315|0x0000000093b00000, 0x0000000093b00000, 0x0000000093c00000|  0%| F|  |TAMS 0x0000000093b00000, 0x0000000093b00000| Untracked 
| 316|0x0000000093c00000, 0x0000000093c00000, 0x0000000093d00000|  0%| F|  |TAMS 0x0000000093c00000, 0x0000000093c00000| Untracked 
| 317|0x0000000093d00000, 0x0000000093d00000, 0x0000000093e00000|  0%| F|  |TAMS 0x0000000093d00000, 0x0000000093d00000| Untracked 
| 318|0x0000000093e00000, 0x0000000093e00000, 0x0000000093f00000|  0%| F|  |TAMS 0x0000000093e00000, 0x0000000093e00000| Untracked 
| 319|0x0000000093f00000, 0x0000000093f00000, 0x0000000094000000|  0%| F|  |TAMS 0x0000000093f00000, 0x0000000093f00000| Untracked 
| 320|0x0000000094000000, 0x0000000094000000, 0x0000000094100000|  0%| F|  |TAMS 0x0000000094000000, 0x0000000094000000| Untracked 
| 321|0x0000000094100000, 0x0000000094100000, 0x0000000094200000|  0%| F|  |TAMS 0x0000000094100000, 0x0000000094100000| Untracked 
| 322|0x0000000094200000, 0x0000000094200000, 0x0000000094300000|  0%| F|  |TAMS 0x0000000094200000, 0x0000000094200000| Untracked 
| 323|0x0000000094300000, 0x0000000094300000, 0x0000000094400000|  0%| F|  |TAMS 0x0000000094300000, 0x0000000094300000| Untracked 
| 324|0x0000000094400000, 0x0000000094400000, 0x0000000094500000|  0%| F|  |TAMS 0x0000000094400000, 0x0000000094400000| Untracked 
| 325|0x0000000094500000, 0x0000000094500000, 0x0000000094600000|  0%| F|  |TAMS 0x0000000094500000, 0x0000000094500000| Untracked 
| 326|0x0000000094600000, 0x0000000094600000, 0x0000000094700000|  0%| F|  |TAMS 0x0000000094600000, 0x0000000094600000| Untracked 
| 327|0x0000000094700000, 0x0000000094700000, 0x0000000094800000|  0%| F|  |TAMS 0x0000000094700000, 0x0000000094700000| Untracked 
| 328|0x0000000094800000, 0x0000000094800000, 0x0000000094900000|  0%| F|  |TAMS 0x0000000094800000, 0x0000000094800000| Untracked 
| 329|0x0000000094900000, 0x0000000094900000, 0x0000000094a00000|  0%| F|  |TAMS 0x0000000094900000, 0x0000000094900000| Untracked 
| 330|0x0000000094a00000, 0x0000000094a00000, 0x0000000094b00000|  0%| F|  |TAMS 0x0000000094a00000, 0x0000000094a00000| Untracked 
| 331|0x0000000094b00000, 0x0000000094b00000, 0x0000000094c00000|  0%| F|  |TAMS 0x0000000094b00000, 0x0000000094b00000| Untracked 
| 332|0x0000000094c00000, 0x0000000094c00000, 0x0000000094d00000|  0%| F|  |TAMS 0x0000000094c00000, 0x0000000094c00000| Untracked 
| 333|0x0000000094d00000, 0x0000000094d00000, 0x0000000094e00000|  0%| F|  |TAMS 0x0000000094d00000, 0x0000000094d00000| Untracked 
| 334|0x0000000094e00000, 0x0000000094e00000, 0x0000000094f00000|  0%| F|  |TAMS 0x0000000094e00000, 0x0000000094e00000| Untracked 
| 335|0x0000000094f00000, 0x0000000094f00000, 0x0000000095000000|  0%| F|  |TAMS 0x0000000094f00000, 0x0000000094f00000| Untracked 
| 336|0x0000000095000000, 0x0000000095000000, 0x0000000095100000|  0%| F|  |TAMS 0x0000000095000000, 0x0000000095000000| Untracked 
| 337|0x0000000095100000, 0x0000000095100000, 0x0000000095200000|  0%| F|  |TAMS 0x0000000095100000, 0x0000000095100000| Untracked 
| 338|0x0000000095200000, 0x0000000095200000, 0x0000000095300000|  0%| F|  |TAMS 0x0000000095200000, 0x0000000095200000| Untracked 
| 339|0x0000000095300000, 0x0000000095300000, 0x0000000095400000|  0%| F|  |TAMS 0x0000000095300000, 0x0000000095300000| Untracked 
| 340|0x0000000095400000, 0x0000000095400000, 0x0000000095500000|  0%| F|  |TAMS 0x0000000095400000, 0x0000000095400000| Untracked 
| 341|0x0000000095500000, 0x0000000095500000, 0x0000000095600000|  0%| F|  |TAMS 0x0000000095500000, 0x0000000095500000| Untracked 
| 342|0x0000000095600000, 0x0000000095600000, 0x0000000095700000|  0%| F|  |TAMS 0x0000000095600000, 0x0000000095600000| Untracked 
| 343|0x0000000095700000, 0x0000000095700000, 0x0000000095800000|  0%| F|  |TAMS 0x0000000095700000, 0x0000000095700000| Untracked 
| 344|0x0000000095800000, 0x0000000095800000, 0x0000000095900000|  0%| F|  |TAMS 0x0000000095800000, 0x0000000095800000| Untracked 
| 345|0x0000000095900000, 0x0000000095900000, 0x0000000095a00000|  0%| F|  |TAMS 0x0000000095900000, 0x0000000095900000| Untracked 
| 346|0x0000000095a00000, 0x0000000095a00000, 0x0000000095b00000|  0%| F|  |TAMS 0x0000000095a00000, 0x0000000095a00000| Untracked 
| 347|0x0000000095b00000, 0x0000000095b00000, 0x0000000095c00000|  0%| F|  |TAMS 0x0000000095b00000, 0x0000000095b00000| Untracked 
| 348|0x0000000095c00000, 0x0000000095c00000, 0x0000000095d00000|  0%| F|  |TAMS 0x0000000095c00000, 0x0000000095c00000| Untracked 
| 349|0x0000000095d00000, 0x0000000095d00000, 0x0000000095e00000|  0%| F|  |TAMS 0x0000000095d00000, 0x0000000095d00000| Untracked 
| 350|0x0000000095e00000, 0x0000000095e00000, 0x0000000095f00000|  0%| F|  |TAMS 0x0000000095e00000, 0x0000000095e00000| Untracked 
| 351|0x0000000095f00000, 0x0000000095f00000, 0x0000000096000000|  0%| F|  |TAMS 0x0000000095f00000, 0x0000000095f00000| Untracked 
| 352|0x0000000096000000, 0x0000000096000000, 0x0000000096100000|  0%| F|  |TAMS 0x0000000096000000, 0x0000000096000000| Untracked 
| 353|0x0000000096100000, 0x0000000096100000, 0x0000000096200000|  0%| F|  |TAMS 0x0000000096100000, 0x0000000096100000| Untracked 
| 354|0x0000000096200000, 0x0000000096200000, 0x0000000096300000|  0%| F|  |TAMS 0x0000000096200000, 0x0000000096200000| Untracked 
| 355|0x0000000096300000, 0x0000000096300000, 0x0000000096400000|  0%| F|  |TAMS 0x0000000096300000, 0x0000000096300000| Untracked 
| 356|0x0000000096400000, 0x0000000096400000, 0x0000000096500000|  0%| F|  |TAMS 0x0000000096400000, 0x0000000096400000| Untracked 
| 357|0x0000000096500000, 0x0000000096500000, 0x0000000096600000|  0%| F|  |TAMS 0x0000000096500000, 0x0000000096500000| Untracked 
| 358|0x0000000096600000, 0x0000000096600000, 0x0000000096700000|  0%| F|  |TAMS 0x0000000096600000, 0x0000000096600000| Untracked 
| 359|0x0000000096700000, 0x0000000096700000, 0x0000000096800000|  0%| F|  |TAMS 0x0000000096700000, 0x0000000096700000| Untracked 
| 360|0x0000000096800000, 0x0000000096800000, 0x0000000096900000|  0%| F|  |TAMS 0x0000000096800000, 0x0000000096800000| Untracked 
| 361|0x0000000096900000, 0x0000000096900000, 0x0000000096a00000|  0%| F|  |TAMS 0x0000000096900000, 0x0000000096900000| Untracked 
| 362|0x0000000096a00000, 0x0000000096a00000, 0x0000000096b00000|  0%| F|  |TAMS 0x0000000096a00000, 0x0000000096a00000| Untracked 
| 363|0x0000000096b00000, 0x0000000096b00000, 0x0000000096c00000|  0%| F|  |TAMS 0x0000000096b00000, 0x0000000096b00000| Untracked 
| 364|0x0000000096c00000, 0x0000000096c00000, 0x0000000096d00000|  0%| F|  |TAMS 0x0000000096c00000, 0x0000000096c00000| Untracked 
| 365|0x0000000096d00000, 0x0000000096d00000, 0x0000000096e00000|  0%| F|  |TAMS 0x0000000096d00000, 0x0000000096d00000| Untracked 
| 366|0x0000000096e00000, 0x0000000096e00000, 0x0000000096f00000|  0%| F|  |TAMS 0x0000000096e00000, 0x0000000096e00000| Untracked 
| 367|0x0000000096f00000, 0x0000000096f00000, 0x0000000097000000|  0%| F|  |TAMS 0x0000000096f00000, 0x0000000096f00000| Untracked 
| 368|0x0000000097000000, 0x0000000097000000, 0x0000000097100000|  0%| F|  |TAMS 0x0000000097000000, 0x0000000097000000| Untracked 
| 369|0x0000000097100000, 0x0000000097100000, 0x0000000097200000|  0%| F|  |TAMS 0x0000000097100000, 0x0000000097100000| Untracked 
| 370|0x0000000097200000, 0x0000000097200000, 0x0000000097300000|  0%| F|  |TAMS 0x0000000097200000, 0x0000000097200000| Untracked 
| 371|0x0000000097300000, 0x0000000097300000, 0x0000000097400000|  0%| F|  |TAMS 0x0000000097300000, 0x0000000097300000| Untracked 
| 372|0x0000000097400000, 0x0000000097400000, 0x0000000097500000|  0%| F|  |TAMS 0x0000000097400000, 0x0000000097400000| Untracked 
| 373|0x0000000097500000, 0x0000000097500000, 0x0000000097600000|  0%| F|  |TAMS 0x0000000097500000, 0x0000000097500000| Untracked 
| 374|0x0000000097600000, 0x0000000097600000, 0x0000000097700000|  0%| F|  |TAMS 0x0000000097600000, 0x0000000097600000| Untracked 
| 375|0x0000000097700000, 0x0000000097700000, 0x0000000097800000|  0%| F|  |TAMS 0x0000000097700000, 0x0000000097700000| Untracked 
| 376|0x0000000097800000, 0x0000000097800000, 0x0000000097900000|  0%| F|  |TAMS 0x0000000097800000, 0x0000000097800000| Untracked 
| 377|0x0000000097900000, 0x0000000097900000, 0x0000000097a00000|  0%| F|  |TAMS 0x0000000097900000, 0x0000000097900000| Untracked 
| 378|0x0000000097a00000, 0x0000000097a00000, 0x0000000097b00000|  0%| F|  |TAMS 0x0000000097a00000, 0x0000000097a00000| Untracked 
| 379|0x0000000097b00000, 0x0000000097b00000, 0x0000000097c00000|  0%| F|  |TAMS 0x0000000097b00000, 0x0000000097b00000| Untracked 
| 380|0x0000000097c00000, 0x0000000097c00000, 0x0000000097d00000|  0%| F|  |TAMS 0x0000000097c00000, 0x0000000097c00000| Untracked 
| 381|0x0000000097d00000, 0x0000000097d00000, 0x0000000097e00000|  0%| F|  |TAMS 0x0000000097d00000, 0x0000000097d00000| Untracked 
| 382|0x0000000097e00000, 0x0000000097e00000, 0x0000000097f00000|  0%| F|  |TAMS 0x0000000097e00000, 0x0000000097e00000| Untracked 
| 383|0x0000000097f00000, 0x0000000097f00000, 0x0000000098000000|  0%| F|  |TAMS 0x0000000097f00000, 0x0000000097f00000| Untracked 
| 384|0x0000000098000000, 0x0000000098000000, 0x0000000098100000|  0%| F|  |TAMS 0x0000000098000000, 0x0000000098000000| Untracked 
| 385|0x0000000098100000, 0x0000000098100000, 0x0000000098200000|  0%| F|  |TAMS 0x0000000098100000, 0x0000000098100000| Untracked 
| 386|0x0000000098200000, 0x0000000098200000, 0x0000000098300000|  0%| F|  |TAMS 0x0000000098200000, 0x0000000098200000| Untracked 
| 387|0x0000000098300000, 0x0000000098300000, 0x0000000098400000|  0%| F|  |TAMS 0x0000000098300000, 0x0000000098300000| Untracked 
| 388|0x0000000098400000, 0x0000000098400000, 0x0000000098500000|  0%| F|  |TAMS 0x0000000098400000, 0x0000000098400000| Untracked 
| 389|0x0000000098500000, 0x0000000098500000, 0x0000000098600000|  0%| F|  |TAMS 0x0000000098500000, 0x0000000098500000| Untracked 
| 390|0x0000000098600000, 0x0000000098600000, 0x0000000098700000|  0%| F|  |TAMS 0x0000000098600000, 0x0000000098600000| Untracked 
| 391|0x0000000098700000, 0x0000000098700000, 0x0000000098800000|  0%| F|  |TAMS 0x0000000098700000, 0x0000000098700000| Untracked 
| 392|0x0000000098800000, 0x0000000098800000, 0x0000000098900000|  0%| F|  |TAMS 0x0000000098800000, 0x0000000098800000| Untracked 
| 393|0x0000000098900000, 0x0000000098900000, 0x0000000098a00000|  0%| F|  |TAMS 0x0000000098900000, 0x0000000098900000| Untracked 
| 394|0x0000000098a00000, 0x0000000098a00000, 0x0000000098b00000|  0%| F|  |TAMS 0x0000000098a00000, 0x0000000098a00000| Untracked 
| 395|0x0000000098b00000, 0x0000000098b00000, 0x0000000098c00000|  0%| F|  |TAMS 0x0000000098b00000, 0x0000000098b00000| Untracked 
| 396|0x0000000098c00000, 0x0000000098c00000, 0x0000000098d00000|  0%| F|  |TAMS 0x0000000098c00000, 0x0000000098c00000| Untracked 
| 397|0x0000000098d00000, 0x0000000098d00000, 0x0000000098e00000|  0%| F|  |TAMS 0x0000000098d00000, 0x0000000098d00000| Untracked 
| 398|0x0000000098e00000, 0x0000000098e00000, 0x0000000098f00000|  0%| F|  |TAMS 0x0000000098e00000, 0x0000000098e00000| Untracked 
| 399|0x0000000098f00000, 0x0000000098f00000, 0x0000000099000000|  0%| F|  |TAMS 0x0000000098f00000, 0x0000000098f00000| Untracked 
| 400|0x0000000099000000, 0x0000000099000000, 0x0000000099100000|  0%| F|  |TAMS 0x0000000099000000, 0x0000000099000000| Untracked 
| 401|0x0000000099100000, 0x0000000099100000, 0x0000000099200000|  0%| F|  |TAMS 0x0000000099100000, 0x0000000099100000| Untracked 
| 402|0x0000000099200000, 0x0000000099200000, 0x0000000099300000|  0%| F|  |TAMS 0x0000000099200000, 0x0000000099200000| Untracked 
| 403|0x0000000099300000, 0x0000000099300000, 0x0000000099400000|  0%| F|  |TAMS 0x0000000099300000, 0x0000000099300000| Untracked 
| 404|0x0000000099400000, 0x0000000099400000, 0x0000000099500000|  0%| F|  |TAMS 0x0000000099400000, 0x0000000099400000| Untracked 
| 405|0x0000000099500000, 0x0000000099500000, 0x0000000099600000|  0%| F|  |TAMS 0x0000000099500000, 0x0000000099500000| Untracked 
| 406|0x0000000099600000, 0x0000000099600000, 0x0000000099700000|  0%| F|  |TAMS 0x0000000099600000, 0x0000000099600000| Untracked 
| 407|0x0000000099700000, 0x0000000099700000, 0x0000000099800000|  0%| F|  |TAMS 0x0000000099700000, 0x0000000099700000| Untracked 
| 408|0x0000000099800000, 0x0000000099800000, 0x0000000099900000|  0%| F|  |TAMS 0x0000000099800000, 0x0000000099800000| Untracked 
| 409|0x0000000099900000, 0x0000000099900000, 0x0000000099a00000|  0%| F|  |TAMS 0x0000000099900000, 0x0000000099900000| Untracked 
| 410|0x0000000099a00000, 0x0000000099a00000, 0x0000000099b00000|  0%| F|  |TAMS 0x0000000099a00000, 0x0000000099a00000| Untracked 
| 411|0x0000000099b00000, 0x0000000099b00000, 0x0000000099c00000|  0%| F|  |TAMS 0x0000000099b00000, 0x0000000099b00000| Untracked 
| 412|0x0000000099c00000, 0x0000000099c00000, 0x0000000099d00000|  0%| F|  |TAMS 0x0000000099c00000, 0x0000000099c00000| Untracked 
| 413|0x0000000099d00000, 0x0000000099d00000, 0x0000000099e00000|  0%| F|  |TAMS 0x0000000099d00000, 0x0000000099d00000| Untracked 
| 414|0x0000000099e00000, 0x0000000099e00000, 0x0000000099f00000|  0%| F|  |TAMS 0x0000000099e00000, 0x0000000099e00000| Untracked 
| 415|0x0000000099f00000, 0x0000000099f00000, 0x000000009a000000|  0%| F|  |TAMS 0x0000000099f00000, 0x0000000099f00000| Untracked 
| 416|0x000000009a000000, 0x000000009a000000, 0x000000009a100000|  0%| F|  |TAMS 0x000000009a000000, 0x000000009a000000| Untracked 
| 417|0x000000009a100000, 0x000000009a100000, 0x000000009a200000|  0%| F|  |TAMS 0x000000009a100000, 0x000000009a100000| Untracked 
| 418|0x000000009a200000, 0x000000009a200000, 0x000000009a300000|  0%| F|  |TAMS 0x000000009a200000, 0x000000009a200000| Untracked 
| 419|0x000000009a300000, 0x000000009a300000, 0x000000009a400000|  0%| F|  |TAMS 0x000000009a300000, 0x000000009a300000| Untracked 
| 420|0x000000009a400000, 0x000000009a400000, 0x000000009a500000|  0%| F|  |TAMS 0x000000009a400000, 0x000000009a400000| Untracked 
| 421|0x000000009a500000, 0x000000009a500000, 0x000000009a600000|  0%| F|  |TAMS 0x000000009a500000, 0x000000009a500000| Untracked 
| 422|0x000000009a600000, 0x000000009a600000, 0x000000009a700000|  0%| F|  |TAMS 0x000000009a600000, 0x000000009a600000| Untracked 
| 423|0x000000009a700000, 0x000000009a700000, 0x000000009a800000|  0%| F|  |TAMS 0x000000009a700000, 0x000000009a700000| Untracked 
| 424|0x000000009a800000, 0x000000009a800000, 0x000000009a900000|  0%| F|  |TAMS 0x000000009a800000, 0x000000009a800000| Untracked 
| 425|0x000000009a900000, 0x000000009a900000, 0x000000009aa00000|  0%| F|  |TAMS 0x000000009a900000, 0x000000009a900000| Untracked 
| 426|0x000000009aa00000, 0x000000009aa00000, 0x000000009ab00000|  0%| F|  |TAMS 0x000000009aa00000, 0x000000009aa00000| Untracked 
| 427|0x000000009ab00000, 0x000000009ab00000, 0x000000009ac00000|  0%| F|  |TAMS 0x000000009ab00000, 0x000000009ab00000| Untracked 
| 428|0x000000009ac00000, 0x000000009ac00000, 0x000000009ad00000|  0%| F|  |TAMS 0x000000009ac00000, 0x000000009ac00000| Untracked 
| 429|0x000000009ad00000, 0x000000009ad00000, 0x000000009ae00000|  0%| F|  |TAMS 0x000000009ad00000, 0x000000009ad00000| Untracked 
| 430|0x000000009ae00000, 0x000000009ae00000, 0x000000009af00000|  0%| F|  |TAMS 0x000000009ae00000, 0x000000009ae00000| Untracked 
| 431|0x000000009af00000, 0x000000009af00000, 0x000000009b000000|  0%| F|  |TAMS 0x000000009af00000, 0x000000009af00000| Untracked 
| 432|0x000000009b000000, 0x000000009b000000, 0x000000009b100000|  0%| F|  |TAMS 0x000000009b000000, 0x000000009b000000| Untracked 
| 433|0x000000009b100000, 0x000000009b100000, 0x000000009b200000|  0%| F|  |TAMS 0x000000009b100000, 0x000000009b100000| Untracked 
| 434|0x000000009b200000, 0x000000009b200000, 0x000000009b300000|  0%| F|  |TAMS 0x000000009b200000, 0x000000009b200000| Untracked 
| 435|0x000000009b300000, 0x000000009b300000, 0x000000009b400000|  0%| F|  |TAMS 0x000000009b300000, 0x000000009b300000| Untracked 
| 436|0x000000009b400000, 0x000000009b400000, 0x000000009b500000|  0%| F|  |TAMS 0x000000009b400000, 0x000000009b400000| Untracked 
| 437|0x000000009b500000, 0x000000009b500000, 0x000000009b600000|  0%| F|  |TAMS 0x000000009b500000, 0x000000009b500000| Untracked 
| 438|0x000000009b600000, 0x000000009b600000, 0x000000009b700000|  0%| F|  |TAMS 0x000000009b600000, 0x000000009b600000| Untracked 
| 439|0x000000009b700000, 0x000000009b700000, 0x000000009b800000|  0%| F|  |TAMS 0x000000009b700000, 0x000000009b700000| Untracked 
| 440|0x000000009b800000, 0x000000009b800000, 0x000000009b900000|  0%| F|  |TAMS 0x000000009b800000, 0x000000009b800000| Untracked 
| 441|0x000000009b900000, 0x000000009b900000, 0x000000009ba00000|  0%| F|  |TAMS 0x000000009b900000, 0x000000009b900000| Untracked 
| 442|0x000000009ba00000, 0x000000009ba00000, 0x000000009bb00000|  0%| F|  |TAMS 0x000000009ba00000, 0x000000009ba00000| Untracked 
| 443|0x000000009bb00000, 0x000000009bb00000, 0x000000009bc00000|  0%| F|  |TAMS 0x000000009bb00000, 0x000000009bb00000| Untracked 
| 444|0x000000009bc00000, 0x000000009bc00000, 0x000000009bd00000|  0%| F|  |TAMS 0x000000009bc00000, 0x000000009bc00000| Untracked 
| 445|0x000000009bd00000, 0x000000009bd00000, 0x000000009be00000|  0%| F|  |TAMS 0x000000009bd00000, 0x000000009bd00000| Untracked 
| 446|0x000000009be00000, 0x000000009be00000, 0x000000009bf00000|  0%| F|  |TAMS 0x000000009be00000, 0x000000009be00000| Untracked 
| 447|0x000000009bf00000, 0x000000009bf00000, 0x000000009c000000|  0%| F|  |TAMS 0x000000009bf00000, 0x000000009bf00000| Untracked 
| 448|0x000000009c000000, 0x000000009c000000, 0x000000009c100000|  0%| F|  |TAMS 0x000000009c000000, 0x000000009c000000| Untracked 
| 449|0x000000009c100000, 0x000000009c100000, 0x000000009c200000|  0%| F|  |TAMS 0x000000009c100000, 0x000000009c100000| Untracked 
| 450|0x000000009c200000, 0x000000009c200000, 0x000000009c300000|  0%| F|  |TAMS 0x000000009c200000, 0x000000009c200000| Untracked 
| 451|0x000000009c300000, 0x000000009c300000, 0x000000009c400000|  0%| F|  |TAMS 0x000000009c300000, 0x000000009c300000| Untracked 
| 452|0x000000009c400000, 0x000000009c400000, 0x000000009c500000|  0%| F|  |TAMS 0x000000009c400000, 0x000000009c400000| Untracked 
| 453|0x000000009c500000, 0x000000009c500000, 0x000000009c600000|  0%| F|  |TAMS 0x000000009c500000, 0x000000009c500000| Untracked 
| 454|0x000000009c600000, 0x000000009c600000, 0x000000009c700000|  0%| F|  |TAMS 0x000000009c600000, 0x000000009c600000| Untracked 
| 455|0x000000009c700000, 0x000000009c700000, 0x000000009c800000|  0%| F|  |TAMS 0x000000009c700000, 0x000000009c700000| Untracked 
| 456|0x000000009c800000, 0x000000009c800000, 0x000000009c900000|  0%| F|  |TAMS 0x000000009c800000, 0x000000009c800000| Untracked 
| 457|0x000000009c900000, 0x000000009c900000, 0x000000009ca00000|  0%| F|  |TAMS 0x000000009c900000, 0x000000009c900000| Untracked 
| 458|0x000000009ca00000, 0x000000009ca00000, 0x000000009cb00000|  0%| F|  |TAMS 0x000000009ca00000, 0x000000009ca00000| Untracked 
| 459|0x000000009cb00000, 0x000000009cb00000, 0x000000009cc00000|  0%| F|  |TAMS 0x000000009cb00000, 0x000000009cb00000| Untracked 
| 460|0x000000009cc00000, 0x000000009cc00000, 0x000000009cd00000|  0%| F|  |TAMS 0x000000009cc00000, 0x000000009cc00000| Untracked 
| 461|0x000000009cd00000, 0x000000009cd00000, 0x000000009ce00000|  0%| F|  |TAMS 0x000000009cd00000, 0x000000009cd00000| Untracked 
| 462|0x000000009ce00000, 0x000000009ce00000, 0x000000009cf00000|  0%| F|  |TAMS 0x000000009ce00000, 0x000000009ce00000| Untracked 
| 463|0x000000009cf00000, 0x000000009cf00000, 0x000000009d000000|  0%| F|  |TAMS 0x000000009cf00000, 0x000000009cf00000| Untracked 
| 464|0x000000009d000000, 0x000000009d000000, 0x000000009d100000|  0%| F|  |TAMS 0x000000009d000000, 0x000000009d000000| Untracked 
| 465|0x000000009d100000, 0x000000009d100000, 0x000000009d200000|  0%| F|  |TAMS 0x000000009d100000, 0x000000009d100000| Untracked 
| 466|0x000000009d200000, 0x000000009d200000, 0x000000009d300000|  0%| F|  |TAMS 0x000000009d200000, 0x000000009d200000| Untracked 
| 467|0x000000009d300000, 0x000000009d300000, 0x000000009d400000|  0%| F|  |TAMS 0x000000009d300000, 0x000000009d300000| Untracked 
| 468|0x000000009d400000, 0x000000009d400000, 0x000000009d500000|  0%| F|  |TAMS 0x000000009d400000, 0x000000009d400000| Untracked 
| 469|0x000000009d500000, 0x000000009d500000, 0x000000009d600000|  0%| F|  |TAMS 0x000000009d500000, 0x000000009d500000| Untracked 
| 470|0x000000009d600000, 0x000000009d600000, 0x000000009d700000|  0%| F|  |TAMS 0x000000009d600000, 0x000000009d600000| Untracked 
| 471|0x000000009d700000, 0x000000009d700000, 0x000000009d800000|  0%| F|  |TAMS 0x000000009d700000, 0x000000009d700000| Untracked 
| 472|0x000000009d800000, 0x000000009d800000, 0x000000009d900000|  0%| F|  |TAMS 0x000000009d800000, 0x000000009d800000| Untracked 
| 473|0x000000009d900000, 0x000000009d900000, 0x000000009da00000|  0%| F|  |TAMS 0x000000009d900000, 0x000000009d900000| Untracked 
| 474|0x000000009da00000, 0x000000009da00000, 0x000000009db00000|  0%| F|  |TAMS 0x000000009da00000, 0x000000009da00000| Untracked 
| 475|0x000000009db00000, 0x000000009db00000, 0x000000009dc00000|  0%| F|  |TAMS 0x000000009db00000, 0x000000009db00000| Untracked 
| 476|0x000000009dc00000, 0x000000009dc00000, 0x000000009dd00000|  0%| F|  |TAMS 0x000000009dc00000, 0x000000009dc00000| Untracked 
| 477|0x000000009dd00000, 0x000000009dd00000, 0x000000009de00000|  0%| F|  |TAMS 0x000000009dd00000, 0x000000009dd00000| Untracked 
| 478|0x000000009de00000, 0x000000009de00000, 0x000000009df00000|  0%| F|  |TAMS 0x000000009de00000, 0x000000009de00000| Untracked 
| 479|0x000000009df00000, 0x000000009df00000, 0x000000009e000000|  0%| F|  |TAMS 0x000000009df00000, 0x000000009df00000| Untracked 
| 480|0x000000009e000000, 0x000000009e000000, 0x000000009e100000|  0%| F|  |TAMS 0x000000009e000000, 0x000000009e000000| Untracked 
| 481|0x000000009e100000, 0x000000009e100000, 0x000000009e200000|  0%| F|  |TAMS 0x000000009e100000, 0x000000009e100000| Untracked 
| 482|0x000000009e200000, 0x000000009e200000, 0x000000009e300000|  0%| F|  |TAMS 0x000000009e200000, 0x000000009e200000| Untracked 
| 483|0x000000009e300000, 0x000000009e300000, 0x000000009e400000|  0%| F|  |TAMS 0x000000009e300000, 0x000000009e300000| Untracked 
| 484|0x000000009e400000, 0x000000009e400000, 0x000000009e500000|  0%| F|  |TAMS 0x000000009e400000, 0x000000009e400000| Untracked 
| 485|0x000000009e500000, 0x000000009e500000, 0x000000009e600000|  0%| F|  |TAMS 0x000000009e500000, 0x000000009e500000| Untracked 
| 486|0x000000009e600000, 0x000000009e600000, 0x000000009e700000|  0%| F|  |TAMS 0x000000009e600000, 0x000000009e600000| Untracked 
| 487|0x000000009e700000, 0x000000009e700000, 0x000000009e800000|  0%| F|  |TAMS 0x000000009e700000, 0x000000009e700000| Untracked 
| 488|0x000000009e800000, 0x000000009e800000, 0x000000009e900000|  0%| F|  |TAMS 0x000000009e800000, 0x000000009e800000| Untracked 
| 489|0x000000009e900000, 0x000000009e900000, 0x000000009ea00000|  0%| F|  |TAMS 0x000000009e900000, 0x000000009e900000| Untracked 
| 490|0x000000009ea00000, 0x000000009ea00000, 0x000000009eb00000|  0%| F|  |TAMS 0x000000009ea00000, 0x000000009ea00000| Untracked 
| 491|0x000000009eb00000, 0x000000009eb00000, 0x000000009ec00000|  0%| F|  |TAMS 0x000000009eb00000, 0x000000009eb00000| Untracked 
| 492|0x000000009ec00000, 0x000000009ec00000, 0x000000009ed00000|  0%| F|  |TAMS 0x000000009ec00000, 0x000000009ec00000| Untracked 
| 493|0x000000009ed00000, 0x000000009ed00000, 0x000000009ee00000|  0%| F|  |TAMS 0x000000009ed00000, 0x000000009ed00000| Untracked 
| 494|0x000000009ee00000, 0x000000009ee00000, 0x000000009ef00000|  0%| F|  |TAMS 0x000000009ee00000, 0x000000009ee00000| Untracked 
| 495|0x000000009ef00000, 0x000000009ef00000, 0x000000009f000000|  0%| F|  |TAMS 0x000000009ef00000, 0x000000009ef00000| Untracked 
| 496|0x000000009f000000, 0x000000009f000000, 0x000000009f100000|  0%| F|  |TAMS 0x000000009f000000, 0x000000009f000000| Untracked 
| 497|0x000000009f100000, 0x000000009f100000, 0x000000009f200000|  0%| F|  |TAMS 0x000000009f100000, 0x000000009f100000| Untracked 
| 498|0x000000009f200000, 0x000000009f200000, 0x000000009f300000|  0%| F|  |TAMS 0x000000009f200000, 0x000000009f200000| Untracked 
| 499|0x000000009f300000, 0x000000009f300000, 0x000000009f400000|  0%| F|  |TAMS 0x000000009f300000, 0x000000009f300000| Untracked 
| 500|0x000000009f400000, 0x000000009f400000, 0x000000009f500000|  0%| F|  |TAMS 0x000000009f400000, 0x000000009f400000| Untracked 
| 501|0x000000009f500000, 0x000000009f500000, 0x000000009f600000|  0%| F|  |TAMS 0x000000009f500000, 0x000000009f500000| Untracked 
| 502|0x000000009f600000, 0x000000009f600000, 0x000000009f700000|  0%| F|  |TAMS 0x000000009f600000, 0x000000009f600000| Untracked 
| 503|0x000000009f700000, 0x000000009f700000, 0x000000009f800000|  0%| F|  |TAMS 0x000000009f700000, 0x000000009f700000| Untracked 
| 504|0x000000009f800000, 0x000000009f800000, 0x000000009f900000|  0%| F|  |TAMS 0x000000009f800000, 0x000000009f800000| Untracked 
| 505|0x000000009f900000, 0x000000009f900000, 0x000000009fa00000|  0%| F|  |TAMS 0x000000009f900000, 0x000000009f900000| Untracked 
| 506|0x000000009fa00000, 0x000000009fa00000, 0x000000009fb00000|  0%| F|  |TAMS 0x000000009fa00000, 0x000000009fa00000| Untracked 
| 507|0x000000009fb00000, 0x000000009fb00000, 0x000000009fc00000|  0%| F|  |TAMS 0x000000009fb00000, 0x000000009fb00000| Untracked 
| 508|0x000000009fc00000, 0x000000009fc00000, 0x000000009fd00000|  0%| F|  |TAMS 0x000000009fc00000, 0x000000009fc00000| Untracked 
| 509|0x000000009fd00000, 0x000000009fd00000, 0x000000009fe00000|  0%| F|  |TAMS 0x000000009fd00000, 0x000000009fd00000| Untracked 
| 510|0x000000009fe00000, 0x000000009fe00000, 0x000000009ff00000|  0%| F|  |TAMS 0x000000009fe00000, 0x000000009fe00000| Untracked 
| 511|0x000000009ff00000, 0x000000009ff00000, 0x00000000a0000000|  0%| F|  |TAMS 0x000000009ff00000, 0x000000009ff00000| Untracked 
| 512|0x00000000a0000000, 0x00000000a0000000, 0x00000000a0100000|  0%| F|  |TAMS 0x00000000a0000000, 0x00000000a0000000| Untracked 
| 513|0x00000000a0100000, 0x00000000a0100000, 0x00000000a0200000|  0%| F|  |TAMS 0x00000000a0100000, 0x00000000a0100000| Untracked 
| 514|0x00000000a0200000, 0x00000000a0200000, 0x00000000a0300000|  0%| F|  |TAMS 0x00000000a0200000, 0x00000000a0200000| Untracked 
| 515|0x00000000a0300000, 0x00000000a0300000, 0x00000000a0400000|  0%| F|  |TAMS 0x00000000a0300000, 0x00000000a0300000| Untracked 
| 516|0x00000000a0400000, 0x00000000a0400000, 0x00000000a0500000|  0%| F|  |TAMS 0x00000000a0400000, 0x00000000a0400000| Untracked 
| 517|0x00000000a0500000, 0x00000000a0500000, 0x00000000a0600000|  0%| F|  |TAMS 0x00000000a0500000, 0x00000000a0500000| Untracked 
| 518|0x00000000a0600000, 0x00000000a0600000, 0x00000000a0700000|  0%| F|  |TAMS 0x00000000a0600000, 0x00000000a0600000| Untracked 
| 519|0x00000000a0700000, 0x00000000a0700000, 0x00000000a0800000|  0%| F|  |TAMS 0x00000000a0700000, 0x00000000a0700000| Untracked 
| 520|0x00000000a0800000, 0x00000000a0800000, 0x00000000a0900000|  0%| F|  |TAMS 0x00000000a0800000, 0x00000000a0800000| Untracked 
| 521|0x00000000a0900000, 0x00000000a0900000, 0x00000000a0a00000|  0%| F|  |TAMS 0x00000000a0900000, 0x00000000a0900000| Untracked 
| 522|0x00000000a0a00000, 0x00000000a0a00000, 0x00000000a0b00000|  0%| F|  |TAMS 0x00000000a0a00000, 0x00000000a0a00000| Untracked 
| 523|0x00000000a0b00000, 0x00000000a0b00000, 0x00000000a0c00000|  0%| F|  |TAMS 0x00000000a0b00000, 0x00000000a0b00000| Untracked 
| 524|0x00000000a0c00000, 0x00000000a0c00000, 0x00000000a0d00000|  0%| F|  |TAMS 0x00000000a0c00000, 0x00000000a0c00000| Untracked 
| 525|0x00000000a0d00000, 0x00000000a0d00000, 0x00000000a0e00000|  0%| F|  |TAMS 0x00000000a0d00000, 0x00000000a0d00000| Untracked 
| 526|0x00000000a0e00000, 0x00000000a0e00000, 0x00000000a0f00000|  0%| F|  |TAMS 0x00000000a0e00000, 0x00000000a0e00000| Untracked 
| 527|0x00000000a0f00000, 0x00000000a0f00000, 0x00000000a1000000|  0%| F|  |TAMS 0x00000000a0f00000, 0x00000000a0f00000| Untracked 
| 528|0x00000000a1000000, 0x00000000a1000000, 0x00000000a1100000|  0%| F|  |TAMS 0x00000000a1000000, 0x00000000a1000000| Untracked 
| 529|0x00000000a1100000, 0x00000000a1100000, 0x00000000a1200000|  0%| F|  |TAMS 0x00000000a1100000, 0x00000000a1100000| Untracked 
| 530|0x00000000a1200000, 0x00000000a1200000, 0x00000000a1300000|  0%| F|  |TAMS 0x00000000a1200000, 0x00000000a1200000| Untracked 
| 531|0x00000000a1300000, 0x00000000a1300000, 0x00000000a1400000|  0%| F|  |TAMS 0x00000000a1300000, 0x00000000a1300000| Untracked 
| 532|0x00000000a1400000, 0x00000000a1400000, 0x00000000a1500000|  0%| F|  |TAMS 0x00000000a1400000, 0x00000000a1400000| Untracked 
| 533|0x00000000a1500000, 0x00000000a1500000, 0x00000000a1600000|  0%| F|  |TAMS 0x00000000a1500000, 0x00000000a1500000| Untracked 
| 534|0x00000000a1600000, 0x00000000a1600000, 0x00000000a1700000|  0%| F|  |TAMS 0x00000000a1600000, 0x00000000a1600000| Untracked 
| 535|0x00000000a1700000, 0x00000000a1700000, 0x00000000a1800000|  0%| F|  |TAMS 0x00000000a1700000, 0x00000000a1700000| Untracked 
| 536|0x00000000a1800000, 0x00000000a1800000, 0x00000000a1900000|  0%| F|  |TAMS 0x00000000a1800000, 0x00000000a1800000| Untracked 
| 537|0x00000000a1900000, 0x00000000a1900000, 0x00000000a1a00000|  0%| F|  |TAMS 0x00000000a1900000, 0x00000000a1900000| Untracked 
| 538|0x00000000a1a00000, 0x00000000a1a00000, 0x00000000a1b00000|  0%| F|  |TAMS 0x00000000a1a00000, 0x00000000a1a00000| Untracked 
| 539|0x00000000a1b00000, 0x00000000a1b00000, 0x00000000a1c00000|  0%| F|  |TAMS 0x00000000a1b00000, 0x00000000a1b00000| Untracked 
| 540|0x00000000a1c00000, 0x00000000a1c00000, 0x00000000a1d00000|  0%| F|  |TAMS 0x00000000a1c00000, 0x00000000a1c00000| Untracked 
| 541|0x00000000a1d00000, 0x00000000a1d00000, 0x00000000a1e00000|  0%| F|  |TAMS 0x00000000a1d00000, 0x00000000a1d00000| Untracked 
| 542|0x00000000a1e00000, 0x00000000a1e00000, 0x00000000a1f00000|  0%| F|  |TAMS 0x00000000a1e00000, 0x00000000a1e00000| Untracked 
| 543|0x00000000a1f00000, 0x00000000a1f00000, 0x00000000a2000000|  0%| F|  |TAMS 0x00000000a1f00000, 0x00000000a1f00000| Untracked 
| 544|0x00000000a2000000, 0x00000000a2000000, 0x00000000a2100000|  0%| F|  |TAMS 0x00000000a2000000, 0x00000000a2000000| Untracked 
| 545|0x00000000a2100000, 0x00000000a2100000, 0x00000000a2200000|  0%| F|  |TAMS 0x00000000a2100000, 0x00000000a2100000| Untracked 
| 546|0x00000000a2200000, 0x00000000a2200000, 0x00000000a2300000|  0%| F|  |TAMS 0x00000000a2200000, 0x00000000a2200000| Untracked 
| 547|0x00000000a2300000, 0x00000000a2300000, 0x00000000a2400000|  0%| F|  |TAMS 0x00000000a2300000, 0x00000000a2300000| Untracked 
| 548|0x00000000a2400000, 0x00000000a2400000, 0x00000000a2500000|  0%| F|  |TAMS 0x00000000a2400000, 0x00000000a2400000| Untracked 
| 549|0x00000000a2500000, 0x00000000a2500000, 0x00000000a2600000|  0%| F|  |TAMS 0x00000000a2500000, 0x00000000a2500000| Untracked 
| 550|0x00000000a2600000, 0x00000000a2600000, 0x00000000a2700000|  0%| F|  |TAMS 0x00000000a2600000, 0x00000000a2600000| Untracked 
| 551|0x00000000a2700000, 0x00000000a2700000, 0x00000000a2800000|  0%| F|  |TAMS 0x00000000a2700000, 0x00000000a2700000| Untracked 
| 552|0x00000000a2800000, 0x00000000a2800000, 0x00000000a2900000|  0%| F|  |TAMS 0x00000000a2800000, 0x00000000a2800000| Untracked 
| 553|0x00000000a2900000, 0x00000000a2900000, 0x00000000a2a00000|  0%| F|  |TAMS 0x00000000a2900000, 0x00000000a2900000| Untracked 
| 554|0x00000000a2a00000, 0x00000000a2a00000, 0x00000000a2b00000|  0%| F|  |TAMS 0x00000000a2a00000, 0x00000000a2a00000| Untracked 
| 555|0x00000000a2b00000, 0x00000000a2b00000, 0x00000000a2c00000|  0%| F|  |TAMS 0x00000000a2b00000, 0x00000000a2b00000| Untracked 
| 556|0x00000000a2c00000, 0x00000000a2c00000, 0x00000000a2d00000|  0%| F|  |TAMS 0x00000000a2c00000, 0x00000000a2c00000| Untracked 
| 557|0x00000000a2d00000, 0x00000000a2d00000, 0x00000000a2e00000|  0%| F|  |TAMS 0x00000000a2d00000, 0x00000000a2d00000| Untracked 
| 558|0x00000000a2e00000, 0x00000000a2e00000, 0x00000000a2f00000|  0%| F|  |TAMS 0x00000000a2e00000, 0x00000000a2e00000| Untracked 
| 559|0x00000000a2f00000, 0x00000000a2f00000, 0x00000000a3000000|  0%| F|  |TAMS 0x00000000a2f00000, 0x00000000a2f00000| Untracked 
| 560|0x00000000a3000000, 0x00000000a3000000, 0x00000000a3100000|  0%| F|  |TAMS 0x00000000a3000000, 0x00000000a3000000| Untracked 
| 561|0x00000000a3100000, 0x00000000a3100000, 0x00000000a3200000|  0%| F|  |TAMS 0x00000000a3100000, 0x00000000a3100000| Untracked 
| 562|0x00000000a3200000, 0x00000000a3200000, 0x00000000a3300000|  0%| F|  |TAMS 0x00000000a3200000, 0x00000000a3200000| Untracked 
| 563|0x00000000a3300000, 0x00000000a3300000, 0x00000000a3400000|  0%| F|  |TAMS 0x00000000a3300000, 0x00000000a3300000| Untracked 
| 564|0x00000000a3400000, 0x00000000a3400000, 0x00000000a3500000|  0%| F|  |TAMS 0x00000000a3400000, 0x00000000a3400000| Untracked 
| 565|0x00000000a3500000, 0x00000000a3500000, 0x00000000a3600000|  0%| F|  |TAMS 0x00000000a3500000, 0x00000000a3500000| Untracked 
| 566|0x00000000a3600000, 0x00000000a3600000, 0x00000000a3700000|  0%| F|  |TAMS 0x00000000a3600000, 0x00000000a3600000| Untracked 
| 567|0x00000000a3700000, 0x00000000a3700000, 0x00000000a3800000|  0%| F|  |TAMS 0x00000000a3700000, 0x00000000a3700000| Untracked 
| 568|0x00000000a3800000, 0x00000000a3800000, 0x00000000a3900000|  0%| F|  |TAMS 0x00000000a3800000, 0x00000000a3800000| Untracked 
| 569|0x00000000a3900000, 0x00000000a3900000, 0x00000000a3a00000|  0%| F|  |TAMS 0x00000000a3900000, 0x00000000a3900000| Untracked 
| 570|0x00000000a3a00000, 0x00000000a3a00000, 0x00000000a3b00000|  0%| F|  |TAMS 0x00000000a3a00000, 0x00000000a3a00000| Untracked 
| 571|0x00000000a3b00000, 0x00000000a3b00000, 0x00000000a3c00000|  0%| F|  |TAMS 0x00000000a3b00000, 0x00000000a3b00000| Untracked 
| 572|0x00000000a3c00000, 0x00000000a3c00000, 0x00000000a3d00000|  0%| F|  |TAMS 0x00000000a3c00000, 0x00000000a3c00000| Untracked 
| 573|0x00000000a3d00000, 0x00000000a3d00000, 0x00000000a3e00000|  0%| F|  |TAMS 0x00000000a3d00000, 0x00000000a3d00000| Untracked 
| 574|0x00000000a3e00000, 0x00000000a3e00000, 0x00000000a3f00000|  0%| F|  |TAMS 0x00000000a3e00000, 0x00000000a3e00000| Untracked 
| 575|0x00000000a3f00000, 0x00000000a3f00000, 0x00000000a4000000|  0%| F|  |TAMS 0x00000000a3f00000, 0x00000000a3f00000| Untracked 
| 576|0x00000000a4000000, 0x00000000a4000000, 0x00000000a4100000|  0%| F|  |TAMS 0x00000000a4000000, 0x00000000a4000000| Untracked 
| 577|0x00000000a4100000, 0x00000000a4100000, 0x00000000a4200000|  0%| F|  |TAMS 0x00000000a4100000, 0x00000000a4100000| Untracked 
| 578|0x00000000a4200000, 0x00000000a4200000, 0x00000000a4300000|  0%| F|  |TAMS 0x00000000a4200000, 0x00000000a4200000| Untracked 
| 579|0x00000000a4300000, 0x00000000a4300000, 0x00000000a4400000|  0%| F|  |TAMS 0x00000000a4300000, 0x00000000a4300000| Untracked 
| 580|0x00000000a4400000, 0x00000000a4400000, 0x00000000a4500000|  0%| F|  |TAMS 0x00000000a4400000, 0x00000000a4400000| Untracked 
| 581|0x00000000a4500000, 0x00000000a4500000, 0x00000000a4600000|  0%| F|  |TAMS 0x00000000a4500000, 0x00000000a4500000| Untracked 
| 582|0x00000000a4600000, 0x00000000a4600000, 0x00000000a4700000|  0%| F|  |TAMS 0x00000000a4600000, 0x00000000a4600000| Untracked 
| 583|0x00000000a4700000, 0x00000000a4700000, 0x00000000a4800000|  0%| F|  |TAMS 0x00000000a4700000, 0x00000000a4700000| Untracked 
| 584|0x00000000a4800000, 0x00000000a4800000, 0x00000000a4900000|  0%| F|  |TAMS 0x00000000a4800000, 0x00000000a4800000| Untracked 
| 585|0x00000000a4900000, 0x00000000a4900000, 0x00000000a4a00000|  0%| F|  |TAMS 0x00000000a4900000, 0x00000000a4900000| Untracked 
| 586|0x00000000a4a00000, 0x00000000a4a00000, 0x00000000a4b00000|  0%| F|  |TAMS 0x00000000a4a00000, 0x00000000a4a00000| Untracked 
| 587|0x00000000a4b00000, 0x00000000a4b00000, 0x00000000a4c00000|  0%| F|  |TAMS 0x00000000a4b00000, 0x00000000a4b00000| Untracked 
| 588|0x00000000a4c00000, 0x00000000a4c00000, 0x00000000a4d00000|  0%| F|  |TAMS 0x00000000a4c00000, 0x00000000a4c00000| Untracked 
| 589|0x00000000a4d00000, 0x00000000a4d00000, 0x00000000a4e00000|  0%| F|  |TAMS 0x00000000a4d00000, 0x00000000a4d00000| Untracked 
| 590|0x00000000a4e00000, 0x00000000a4e00000, 0x00000000a4f00000|  0%| F|  |TAMS 0x00000000a4e00000, 0x00000000a4e00000| Untracked 
| 591|0x00000000a4f00000, 0x00000000a4f00000, 0x00000000a5000000|  0%| F|  |TAMS 0x00000000a4f00000, 0x00000000a4f00000| Untracked 
| 592|0x00000000a5000000, 0x00000000a5000000, 0x00000000a5100000|  0%| F|  |TAMS 0x00000000a5000000, 0x00000000a5000000| Untracked 
| 593|0x00000000a5100000, 0x00000000a5100000, 0x00000000a5200000|  0%| F|  |TAMS 0x00000000a5100000, 0x00000000a5100000| Untracked 
| 594|0x00000000a5200000, 0x00000000a5200000, 0x00000000a5300000|  0%| F|  |TAMS 0x00000000a5200000, 0x00000000a5200000| Untracked 
| 595|0x00000000a5300000, 0x00000000a5300000, 0x00000000a5400000|  0%| F|  |TAMS 0x00000000a5300000, 0x00000000a5300000| Untracked 
| 596|0x00000000a5400000, 0x00000000a5400000, 0x00000000a5500000|  0%| F|  |TAMS 0x00000000a5400000, 0x00000000a5400000| Untracked 
| 597|0x00000000a5500000, 0x00000000a5500000, 0x00000000a5600000|  0%| F|  |TAMS 0x00000000a5500000, 0x00000000a5500000| Untracked 
| 598|0x00000000a5600000, 0x00000000a5600000, 0x00000000a5700000|  0%| F|  |TAMS 0x00000000a5600000, 0x00000000a5600000| Untracked 
| 599|0x00000000a5700000, 0x00000000a5700000, 0x00000000a5800000|  0%| F|  |TAMS 0x00000000a5700000, 0x00000000a5700000| Untracked 
| 600|0x00000000a5800000, 0x00000000a5800000, 0x00000000a5900000|  0%| F|  |TAMS 0x00000000a5800000, 0x00000000a5800000| Untracked 
| 601|0x00000000a5900000, 0x00000000a5900000, 0x00000000a5a00000|  0%| F|  |TAMS 0x00000000a5900000, 0x00000000a5900000| Untracked 
| 602|0x00000000a5a00000, 0x00000000a5a00000, 0x00000000a5b00000|  0%| F|  |TAMS 0x00000000a5a00000, 0x00000000a5a00000| Untracked 
| 603|0x00000000a5b00000, 0x00000000a5b00000, 0x00000000a5c00000|  0%| F|  |TAMS 0x00000000a5b00000, 0x00000000a5b00000| Untracked 
| 604|0x00000000a5c00000, 0x00000000a5c00000, 0x00000000a5d00000|  0%| F|  |TAMS 0x00000000a5c00000, 0x00000000a5c00000| Untracked 
| 605|0x00000000a5d00000, 0x00000000a5d00000, 0x00000000a5e00000|  0%| F|  |TAMS 0x00000000a5d00000, 0x00000000a5d00000| Untracked 
| 606|0x00000000a5e00000, 0x00000000a5e00000, 0x00000000a5f00000|  0%| F|  |TAMS 0x00000000a5e00000, 0x00000000a5e00000| Untracked 
| 607|0x00000000a5f00000, 0x00000000a5f00000, 0x00000000a6000000|  0%| F|  |TAMS 0x00000000a5f00000, 0x00000000a5f00000| Untracked 
| 608|0x00000000a6000000, 0x00000000a6000000, 0x00000000a6100000|  0%| F|  |TAMS 0x00000000a6000000, 0x00000000a6000000| Untracked 
| 609|0x00000000a6100000, 0x00000000a6100000, 0x00000000a6200000|  0%| F|  |TAMS 0x00000000a6100000, 0x00000000a6100000| Untracked 
| 610|0x00000000a6200000, 0x00000000a6200000, 0x00000000a6300000|  0%| F|  |TAMS 0x00000000a6200000, 0x00000000a6200000| Untracked 
| 611|0x00000000a6300000, 0x00000000a6300000, 0x00000000a6400000|  0%| F|  |TAMS 0x00000000a6300000, 0x00000000a6300000| Untracked 
| 612|0x00000000a6400000, 0x00000000a6400000, 0x00000000a6500000|  0%| F|  |TAMS 0x00000000a6400000, 0x00000000a6400000| Untracked 
| 613|0x00000000a6500000, 0x00000000a6500000, 0x00000000a6600000|  0%| F|  |TAMS 0x00000000a6500000, 0x00000000a6500000| Untracked 
| 614|0x00000000a6600000, 0x00000000a6600000, 0x00000000a6700000|  0%| F|  |TAMS 0x00000000a6600000, 0x00000000a6600000| Untracked 
| 615|0x00000000a6700000, 0x00000000a6700000, 0x00000000a6800000|  0%| F|  |TAMS 0x00000000a6700000, 0x00000000a6700000| Untracked 
| 616|0x00000000a6800000, 0x00000000a6800000, 0x00000000a6900000|  0%| F|  |TAMS 0x00000000a6800000, 0x00000000a6800000| Untracked 
| 617|0x00000000a6900000, 0x00000000a6900000, 0x00000000a6a00000|  0%| F|  |TAMS 0x00000000a6900000, 0x00000000a6900000| Untracked 
| 618|0x00000000a6a00000, 0x00000000a6a00000, 0x00000000a6b00000|  0%| F|  |TAMS 0x00000000a6a00000, 0x00000000a6a00000| Untracked 
| 619|0x00000000a6b00000, 0x00000000a6b00000, 0x00000000a6c00000|  0%| F|  |TAMS 0x00000000a6b00000, 0x00000000a6b00000| Untracked 
| 620|0x00000000a6c00000, 0x00000000a6c00000, 0x00000000a6d00000|  0%| F|  |TAMS 0x00000000a6c00000, 0x00000000a6c00000| Untracked 
| 621|0x00000000a6d00000, 0x00000000a6d00000, 0x00000000a6e00000|  0%| F|  |TAMS 0x00000000a6d00000, 0x00000000a6d00000| Untracked 
| 622|0x00000000a6e00000, 0x00000000a6e00000, 0x00000000a6f00000|  0%| F|  |TAMS 0x00000000a6e00000, 0x00000000a6e00000| Untracked 
| 623|0x00000000a6f00000, 0x00000000a6f00000, 0x00000000a7000000|  0%| F|  |TAMS 0x00000000a6f00000, 0x00000000a6f00000| Untracked 
| 624|0x00000000a7000000, 0x00000000a7000000, 0x00000000a7100000|  0%| F|  |TAMS 0x00000000a7000000, 0x00000000a7000000| Untracked 
| 625|0x00000000a7100000, 0x00000000a7100000, 0x00000000a7200000|  0%| F|  |TAMS 0x00000000a7100000, 0x00000000a7100000| Untracked 
| 626|0x00000000a7200000, 0x00000000a7200000, 0x00000000a7300000|  0%| F|  |TAMS 0x00000000a7200000, 0x00000000a7200000| Untracked 
| 627|0x00000000a7300000, 0x00000000a7300000, 0x00000000a7400000|  0%| F|  |TAMS 0x00000000a7300000, 0x00000000a7300000| Untracked 
| 628|0x00000000a7400000, 0x00000000a7400000, 0x00000000a7500000|  0%| F|  |TAMS 0x00000000a7400000, 0x00000000a7400000| Untracked 
| 629|0x00000000a7500000, 0x00000000a7500000, 0x00000000a7600000|  0%| F|  |TAMS 0x00000000a7500000, 0x00000000a7500000| Untracked 
| 630|0x00000000a7600000, 0x00000000a7600000, 0x00000000a7700000|  0%| F|  |TAMS 0x00000000a7600000, 0x00000000a7600000| Untracked 
| 631|0x00000000a7700000, 0x00000000a7700000, 0x00000000a7800000|  0%| F|  |TAMS 0x00000000a7700000, 0x00000000a7700000| Untracked 
| 632|0x00000000a7800000, 0x00000000a7800000, 0x00000000a7900000|  0%| F|  |TAMS 0x00000000a7800000, 0x00000000a7800000| Untracked 
| 633|0x00000000a7900000, 0x00000000a7900000, 0x00000000a7a00000|  0%| F|  |TAMS 0x00000000a7900000, 0x00000000a7900000| Untracked 
| 634|0x00000000a7a00000, 0x00000000a7a00000, 0x00000000a7b00000|  0%| F|  |TAMS 0x00000000a7a00000, 0x00000000a7a00000| Untracked 
| 635|0x00000000a7b00000, 0x00000000a7b00000, 0x00000000a7c00000|  0%| F|  |TAMS 0x00000000a7b00000, 0x00000000a7b00000| Untracked 
| 636|0x00000000a7c00000, 0x00000000a7c00000, 0x00000000a7d00000|  0%| F|  |TAMS 0x00000000a7c00000, 0x00000000a7c00000| Untracked 
| 637|0x00000000a7d00000, 0x00000000a7d00000, 0x00000000a7e00000|  0%| F|  |TAMS 0x00000000a7d00000, 0x00000000a7d00000| Untracked 
| 638|0x00000000a7e00000, 0x00000000a7e00000, 0x00000000a7f00000|  0%| F|  |TAMS 0x00000000a7e00000, 0x00000000a7e00000| Untracked 
| 639|0x00000000a7f00000, 0x00000000a7f00000, 0x00000000a8000000|  0%| F|  |TAMS 0x00000000a7f00000, 0x00000000a7f00000| Untracked 
| 640|0x00000000a8000000, 0x00000000a8000000, 0x00000000a8100000|  0%| F|  |TAMS 0x00000000a8000000, 0x00000000a8000000| Untracked 
| 641|0x00000000a8100000, 0x00000000a8100000, 0x00000000a8200000|  0%| F|  |TAMS 0x00000000a8100000, 0x00000000a8100000| Untracked 
| 642|0x00000000a8200000, 0x00000000a8200000, 0x00000000a8300000|  0%| F|  |TAMS 0x00000000a8200000, 0x00000000a8200000| Untracked 
| 643|0x00000000a8300000, 0x00000000a8300000, 0x00000000a8400000|  0%| F|  |TAMS 0x00000000a8300000, 0x00000000a8300000| Untracked 
| 644|0x00000000a8400000, 0x00000000a8400000, 0x00000000a8500000|  0%| F|  |TAMS 0x00000000a8400000, 0x00000000a8400000| Untracked 
| 645|0x00000000a8500000, 0x00000000a8500000, 0x00000000a8600000|  0%| F|  |TAMS 0x00000000a8500000, 0x00000000a8500000| Untracked 
| 646|0x00000000a8600000, 0x00000000a8600000, 0x00000000a8700000|  0%| F|  |TAMS 0x00000000a8600000, 0x00000000a8600000| Untracked 
| 647|0x00000000a8700000, 0x00000000a8700000, 0x00000000a8800000|  0%| F|  |TAMS 0x00000000a8700000, 0x00000000a8700000| Untracked 
| 648|0x00000000a8800000, 0x00000000a8800000, 0x00000000a8900000|  0%| F|  |TAMS 0x00000000a8800000, 0x00000000a8800000| Untracked 
| 649|0x00000000a8900000, 0x00000000a8900000, 0x00000000a8a00000|  0%| F|  |TAMS 0x00000000a8900000, 0x00000000a8900000| Untracked 
| 650|0x00000000a8a00000, 0x00000000a8a00000, 0x00000000a8b00000|  0%| F|  |TAMS 0x00000000a8a00000, 0x00000000a8a00000| Untracked 
| 651|0x00000000a8b00000, 0x00000000a8b00000, 0x00000000a8c00000|  0%| F|  |TAMS 0x00000000a8b00000, 0x00000000a8b00000| Untracked 
| 652|0x00000000a8c00000, 0x00000000a8c00000, 0x00000000a8d00000|  0%| F|  |TAMS 0x00000000a8c00000, 0x00000000a8c00000| Untracked 
| 653|0x00000000a8d00000, 0x00000000a8d00000, 0x00000000a8e00000|  0%| F|  |TAMS 0x00000000a8d00000, 0x00000000a8d00000| Untracked 
| 654|0x00000000a8e00000, 0x00000000a8e00000, 0x00000000a8f00000|  0%| F|  |TAMS 0x00000000a8e00000, 0x00000000a8e00000| Untracked 
| 655|0x00000000a8f00000, 0x00000000a8f00000, 0x00000000a9000000|  0%| F|  |TAMS 0x00000000a8f00000, 0x00000000a8f00000| Untracked 
| 656|0x00000000a9000000, 0x00000000a9000000, 0x00000000a9100000|  0%| F|  |TAMS 0x00000000a9000000, 0x00000000a9000000| Untracked 
| 657|0x00000000a9100000, 0x00000000a9100000, 0x00000000a9200000|  0%| F|  |TAMS 0x00000000a9100000, 0x00000000a9100000| Untracked 
| 658|0x00000000a9200000, 0x00000000a9200000, 0x00000000a9300000|  0%| F|  |TAMS 0x00000000a9200000, 0x00000000a9200000| Untracked 
| 659|0x00000000a9300000, 0x00000000a9300000, 0x00000000a9400000|  0%| F|  |TAMS 0x00000000a9300000, 0x00000000a9300000| Untracked 
| 660|0x00000000a9400000, 0x00000000a9400000, 0x00000000a9500000|  0%| F|  |TAMS 0x00000000a9400000, 0x00000000a9400000| Untracked 
| 661|0x00000000a9500000, 0x00000000a9500000, 0x00000000a9600000|  0%| F|  |TAMS 0x00000000a9500000, 0x00000000a9500000| Untracked 
| 662|0x00000000a9600000, 0x00000000a9600000, 0x00000000a9700000|  0%| F|  |TAMS 0x00000000a9600000, 0x00000000a9600000| Untracked 
| 663|0x00000000a9700000, 0x00000000a9700000, 0x00000000a9800000|  0%| F|  |TAMS 0x00000000a9700000, 0x00000000a9700000| Untracked 
| 664|0x00000000a9800000, 0x00000000a9800000, 0x00000000a9900000|  0%| F|  |TAMS 0x00000000a9800000, 0x00000000a9800000| Untracked 
| 665|0x00000000a9900000, 0x00000000a9900000, 0x00000000a9a00000|  0%| F|  |TAMS 0x00000000a9900000, 0x00000000a9900000| Untracked 
| 666|0x00000000a9a00000, 0x00000000a9a00000, 0x00000000a9b00000|  0%| F|  |TAMS 0x00000000a9a00000, 0x00000000a9a00000| Untracked 
| 667|0x00000000a9b00000, 0x00000000a9b00000, 0x00000000a9c00000|  0%| F|  |TAMS 0x00000000a9b00000, 0x00000000a9b00000| Untracked 
| 668|0x00000000a9c00000, 0x00000000a9c00000, 0x00000000a9d00000|  0%| F|  |TAMS 0x00000000a9c00000, 0x00000000a9c00000| Untracked 
| 669|0x00000000a9d00000, 0x00000000a9d00000, 0x00000000a9e00000|  0%| F|  |TAMS 0x00000000a9d00000, 0x00000000a9d00000| Untracked 
| 670|0x00000000a9e00000, 0x00000000a9e00000, 0x00000000a9f00000|  0%| F|  |TAMS 0x00000000a9e00000, 0x00000000a9e00000| Untracked 
| 671|0x00000000a9f00000, 0x00000000a9f00000, 0x00000000aa000000|  0%| F|  |TAMS 0x00000000a9f00000, 0x00000000a9f00000| Untracked 
| 672|0x00000000aa000000, 0x00000000aa000000, 0x00000000aa100000|  0%| F|  |TAMS 0x00000000aa000000, 0x00000000aa000000| Untracked 
| 673|0x00000000aa100000, 0x00000000aa100000, 0x00000000aa200000|  0%| F|  |TAMS 0x00000000aa100000, 0x00000000aa100000| Untracked 
| 674|0x00000000aa200000, 0x00000000aa200000, 0x00000000aa300000|  0%| F|  |TAMS 0x00000000aa200000, 0x00000000aa200000| Untracked 
| 675|0x00000000aa300000, 0x00000000aa300000, 0x00000000aa400000|  0%| F|  |TAMS 0x00000000aa300000, 0x00000000aa300000| Untracked 
| 676|0x00000000aa400000, 0x00000000aa400000, 0x00000000aa500000|  0%| F|  |TAMS 0x00000000aa400000, 0x00000000aa400000| Untracked 
| 677|0x00000000aa500000, 0x00000000aa500000, 0x00000000aa600000|  0%| F|  |TAMS 0x00000000aa500000, 0x00000000aa500000| Untracked 
| 678|0x00000000aa600000, 0x00000000aa600000, 0x00000000aa700000|  0%| F|  |TAMS 0x00000000aa600000, 0x00000000aa600000| Untracked 
| 679|0x00000000aa700000, 0x00000000aa700000, 0x00000000aa800000|  0%| F|  |TAMS 0x00000000aa700000, 0x00000000aa700000| Untracked 
| 680|0x00000000aa800000, 0x00000000aa800000, 0x00000000aa900000|  0%| F|  |TAMS 0x00000000aa800000, 0x00000000aa800000| Untracked 
| 681|0x00000000aa900000, 0x00000000aa900000, 0x00000000aaa00000|  0%| F|  |TAMS 0x00000000aa900000, 0x00000000aa900000| Untracked 
| 682|0x00000000aaa00000, 0x00000000aaa00000, 0x00000000aab00000|  0%| F|  |TAMS 0x00000000aaa00000, 0x00000000aaa00000| Untracked 
| 683|0x00000000aab00000, 0x00000000aab00000, 0x00000000aac00000|  0%| F|  |TAMS 0x00000000aab00000, 0x00000000aab00000| Untracked 
| 684|0x00000000aac00000, 0x00000000aac00000, 0x00000000aad00000|  0%| F|  |TAMS 0x00000000aac00000, 0x00000000aac00000| Untracked 
| 685|0x00000000aad00000, 0x00000000aad00000, 0x00000000aae00000|  0%| F|  |TAMS 0x00000000aad00000, 0x00000000aad00000| Untracked 
| 686|0x00000000aae00000, 0x00000000aae00000, 0x00000000aaf00000|  0%| F|  |TAMS 0x00000000aae00000, 0x00000000aae00000| Untracked 
| 687|0x00000000aaf00000, 0x00000000aaf00000, 0x00000000ab000000|  0%| F|  |TAMS 0x00000000aaf00000, 0x00000000aaf00000| Untracked 
| 688|0x00000000ab000000, 0x00000000ab000000, 0x00000000ab100000|  0%| F|  |TAMS 0x00000000ab000000, 0x00000000ab000000| Untracked 
| 689|0x00000000ab100000, 0x00000000ab100000, 0x00000000ab200000|  0%| F|  |TAMS 0x00000000ab100000, 0x00000000ab100000| Untracked 
| 690|0x00000000ab200000, 0x00000000ab200000, 0x00000000ab300000|  0%| F|  |TAMS 0x00000000ab200000, 0x00000000ab200000| Untracked 
| 691|0x00000000ab300000, 0x00000000ab300000, 0x00000000ab400000|  0%| F|  |TAMS 0x00000000ab300000, 0x00000000ab300000| Untracked 
| 692|0x00000000ab400000, 0x00000000ab400000, 0x00000000ab500000|  0%| F|  |TAMS 0x00000000ab400000, 0x00000000ab400000| Untracked 
| 693|0x00000000ab500000, 0x00000000ab500000, 0x00000000ab600000|  0%| F|  |TAMS 0x00000000ab500000, 0x00000000ab500000| Untracked 
| 694|0x00000000ab600000, 0x00000000ab600000, 0x00000000ab700000|  0%| F|  |TAMS 0x00000000ab600000, 0x00000000ab600000| Untracked 
| 695|0x00000000ab700000, 0x00000000ab700000, 0x00000000ab800000|  0%| F|  |TAMS 0x00000000ab700000, 0x00000000ab700000| Untracked 
| 696|0x00000000ab800000, 0x00000000ab800000, 0x00000000ab900000|  0%| F|  |TAMS 0x00000000ab800000, 0x00000000ab800000| Untracked 
| 697|0x00000000ab900000, 0x00000000ab900000, 0x00000000aba00000|  0%| F|  |TAMS 0x00000000ab900000, 0x00000000ab900000| Untracked 
| 698|0x00000000aba00000, 0x00000000aba00000, 0x00000000abb00000|  0%| F|  |TAMS 0x00000000aba00000, 0x00000000aba00000| Untracked 
| 699|0x00000000abb00000, 0x00000000abb00000, 0x00000000abc00000|  0%| F|  |TAMS 0x00000000abb00000, 0x00000000abb00000| Untracked 
| 700|0x00000000abc00000, 0x00000000abc00000, 0x00000000abd00000|  0%| F|  |TAMS 0x00000000abc00000, 0x00000000abc00000| Untracked 
| 701|0x00000000abd00000, 0x00000000abd00000, 0x00000000abe00000|  0%| F|  |TAMS 0x00000000abd00000, 0x00000000abd00000| Untracked 
| 702|0x00000000abe00000, 0x00000000abe00000, 0x00000000abf00000|  0%| F|  |TAMS 0x00000000abe00000, 0x00000000abe00000| Untracked 
| 703|0x00000000abf00000, 0x00000000abf00000, 0x00000000ac000000|  0%| F|  |TAMS 0x00000000abf00000, 0x00000000abf00000| Untracked 
| 704|0x00000000ac000000, 0x00000000ac000000, 0x00000000ac100000|  0%| F|  |TAMS 0x00000000ac000000, 0x00000000ac000000| Untracked 
| 705|0x00000000ac100000, 0x00000000ac100000, 0x00000000ac200000|  0%| F|  |TAMS 0x00000000ac100000, 0x00000000ac100000| Untracked 
| 706|0x00000000ac200000, 0x00000000ac200000, 0x00000000ac300000|  0%| F|  |TAMS 0x00000000ac200000, 0x00000000ac200000| Untracked 
| 707|0x00000000ac300000, 0x00000000ac300000, 0x00000000ac400000|  0%| F|  |TAMS 0x00000000ac300000, 0x00000000ac300000| Untracked 
| 708|0x00000000ac400000, 0x00000000ac400000, 0x00000000ac500000|  0%| F|  |TAMS 0x00000000ac400000, 0x00000000ac400000| Untracked 
| 709|0x00000000ac500000, 0x00000000ac500000, 0x00000000ac600000|  0%| F|  |TAMS 0x00000000ac500000, 0x00000000ac500000| Untracked 
| 710|0x00000000ac600000, 0x00000000ac600000, 0x00000000ac700000|  0%| F|  |TAMS 0x00000000ac600000, 0x00000000ac600000| Untracked 
| 711|0x00000000ac700000, 0x00000000ac700000, 0x00000000ac800000|  0%| F|  |TAMS 0x00000000ac700000, 0x00000000ac700000| Untracked 
| 712|0x00000000ac800000, 0x00000000ac800000, 0x00000000ac900000|  0%| F|  |TAMS 0x00000000ac800000, 0x00000000ac800000| Untracked 
| 713|0x00000000ac900000, 0x00000000ac900000, 0x00000000aca00000|  0%| F|  |TAMS 0x00000000ac900000, 0x00000000ac900000| Untracked 
| 714|0x00000000aca00000, 0x00000000aca00000, 0x00000000acb00000|  0%| F|  |TAMS 0x00000000aca00000, 0x00000000aca00000| Untracked 
| 715|0x00000000acb00000, 0x00000000acb00000, 0x00000000acc00000|  0%| F|  |TAMS 0x00000000acb00000, 0x00000000acb00000| Untracked 
| 716|0x00000000acc00000, 0x00000000acc00000, 0x00000000acd00000|  0%| F|  |TAMS 0x00000000acc00000, 0x00000000acc00000| Untracked 
| 717|0x00000000acd00000, 0x00000000acd00000, 0x00000000ace00000|  0%| F|  |TAMS 0x00000000acd00000, 0x00000000acd00000| Untracked 
| 718|0x00000000ace00000, 0x00000000ace00000, 0x00000000acf00000|  0%| F|  |TAMS 0x00000000ace00000, 0x00000000ace00000| Untracked 
| 719|0x00000000acf00000, 0x00000000acf00000, 0x00000000ad000000|  0%| F|  |TAMS 0x00000000acf00000, 0x00000000acf00000| Untracked 
| 720|0x00000000ad000000, 0x00000000ad000000, 0x00000000ad100000|  0%| F|  |TAMS 0x00000000ad000000, 0x00000000ad000000| Untracked 
| 721|0x00000000ad100000, 0x00000000ad100000, 0x00000000ad200000|  0%| F|  |TAMS 0x00000000ad100000, 0x00000000ad100000| Untracked 
| 722|0x00000000ad200000, 0x00000000ad200000, 0x00000000ad300000|  0%| F|  |TAMS 0x00000000ad200000, 0x00000000ad200000| Untracked 
| 723|0x00000000ad300000, 0x00000000ad300000, 0x00000000ad400000|  0%| F|  |TAMS 0x00000000ad300000, 0x00000000ad300000| Untracked 
| 724|0x00000000ad400000, 0x00000000ad400000, 0x00000000ad500000|  0%| F|  |TAMS 0x00000000ad400000, 0x00000000ad400000| Untracked 
| 725|0x00000000ad500000, 0x00000000ad500000, 0x00000000ad600000|  0%| F|  |TAMS 0x00000000ad500000, 0x00000000ad500000| Untracked 
| 726|0x00000000ad600000, 0x00000000ad600000, 0x00000000ad700000|  0%| F|  |TAMS 0x00000000ad600000, 0x00000000ad600000| Untracked 
| 727|0x00000000ad700000, 0x00000000ad700000, 0x00000000ad800000|  0%| F|  |TAMS 0x00000000ad700000, 0x00000000ad700000| Untracked 
| 728|0x00000000ad800000, 0x00000000ad800000, 0x00000000ad900000|  0%| F|  |TAMS 0x00000000ad800000, 0x00000000ad800000| Untracked 
| 729|0x00000000ad900000, 0x00000000ad900000, 0x00000000ada00000|  0%| F|  |TAMS 0x00000000ad900000, 0x00000000ad900000| Untracked 
| 730|0x00000000ada00000, 0x00000000ada00000, 0x00000000adb00000|  0%| F|  |TAMS 0x00000000ada00000, 0x00000000ada00000| Untracked 
| 731|0x00000000adb00000, 0x00000000adb00000, 0x00000000adc00000|  0%| F|  |TAMS 0x00000000adb00000, 0x00000000adb00000| Untracked 
| 732|0x00000000adc00000, 0x00000000adc00000, 0x00000000add00000|  0%| F|  |TAMS 0x00000000adc00000, 0x00000000adc00000| Untracked 
| 733|0x00000000add00000, 0x00000000add00000, 0x00000000ade00000|  0%| F|  |TAMS 0x00000000add00000, 0x00000000add00000| Untracked 
| 734|0x00000000ade00000, 0x00000000ade00000, 0x00000000adf00000|  0%| F|  |TAMS 0x00000000ade00000, 0x00000000ade00000| Untracked 
| 735|0x00000000adf00000, 0x00000000adf00000, 0x00000000ae000000|  0%| F|  |TAMS 0x00000000adf00000, 0x00000000adf00000| Untracked 
| 736|0x00000000ae000000, 0x00000000ae000000, 0x00000000ae100000|  0%| F|  |TAMS 0x00000000ae000000, 0x00000000ae000000| Untracked 
| 737|0x00000000ae100000, 0x00000000ae100000, 0x00000000ae200000|  0%| F|  |TAMS 0x00000000ae100000, 0x00000000ae100000| Untracked 
| 738|0x00000000ae200000, 0x00000000ae2fcce8, 0x00000000ae300000| 98%| S|CS|TAMS 0x00000000ae200000, 0x00000000ae200000| Complete 
| 739|0x00000000ae300000, 0x00000000ae400000, 0x00000000ae400000|100%| S|CS|TAMS 0x00000000ae300000, 0x00000000ae300000| Complete 
| 740|0x00000000ae400000, 0x00000000ae500000, 0x00000000ae500000|100%| S|CS|TAMS 0x00000000ae400000, 0x00000000ae400000| Complete 
| 741|0x00000000ae500000, 0x00000000ae500000, 0x00000000ae600000|  0%| F|  |TAMS 0x00000000ae500000, 0x00000000ae500000| Untracked 
| 742|0x00000000ae600000, 0x00000000ae600000, 0x00000000ae700000|  0%| F|  |TAMS 0x00000000ae600000, 0x00000000ae600000| Untracked 
| 743|0x00000000ae700000, 0x00000000ae700000, 0x00000000ae800000|  0%| F|  |TAMS 0x00000000ae700000, 0x00000000ae700000| Untracked 
| 744|0x00000000ae800000, 0x00000000ae800000, 0x00000000ae900000|  0%| F|  |TAMS 0x00000000ae800000, 0x00000000ae800000| Untracked 
| 745|0x00000000ae900000, 0x00000000ae900000, 0x00000000aea00000|  0%| F|  |TAMS 0x00000000ae900000, 0x00000000ae900000| Untracked 
| 746|0x00000000aea00000, 0x00000000aea00000, 0x00000000aeb00000|  0%| F|  |TAMS 0x00000000aea00000, 0x00000000aea00000| Untracked 
| 747|0x00000000aeb00000, 0x00000000aeb00000, 0x00000000aec00000|  0%| F|  |TAMS 0x00000000aeb00000, 0x00000000aeb00000| Untracked 
| 748|0x00000000aec00000, 0x00000000aec00000, 0x00000000aed00000|  0%| F|  |TAMS 0x00000000aec00000, 0x00000000aec00000| Untracked 
| 749|0x00000000aed00000, 0x00000000aed00000, 0x00000000aee00000|  0%| F|  |TAMS 0x00000000aed00000, 0x00000000aed00000| Untracked 
| 750|0x00000000aee00000, 0x00000000aee00000, 0x00000000aef00000|  0%| F|  |TAMS 0x00000000aee00000, 0x00000000aee00000| Untracked 
| 751|0x00000000aef00000, 0x00000000aef00000, 0x00000000af000000|  0%| F|  |TAMS 0x00000000aef00000, 0x00000000aef00000| Untracked 
| 752|0x00000000af000000, 0x00000000af000000, 0x00000000af100000|  0%| F|  |TAMS 0x00000000af000000, 0x00000000af000000| Untracked 
| 753|0x00000000af100000, 0x00000000af100000, 0x00000000af200000|  0%| F|  |TAMS 0x00000000af100000, 0x00000000af100000| Untracked 
| 754|0x00000000af200000, 0x00000000af200000, 0x00000000af300000|  0%| F|  |TAMS 0x00000000af200000, 0x00000000af200000| Untracked 
| 755|0x00000000af300000, 0x00000000af300000, 0x00000000af400000|  0%| F|  |TAMS 0x00000000af300000, 0x00000000af300000| Untracked 
| 756|0x00000000af400000, 0x00000000af400000, 0x00000000af500000|  0%| F|  |TAMS 0x00000000af400000, 0x00000000af400000| Untracked 
| 757|0x00000000af500000, 0x00000000af500000, 0x00000000af600000|  0%| F|  |TAMS 0x00000000af500000, 0x00000000af500000| Untracked 
| 758|0x00000000af600000, 0x00000000af600000, 0x00000000af700000|  0%| F|  |TAMS 0x00000000af600000, 0x00000000af600000| Untracked 
| 759|0x00000000af700000, 0x00000000af700000, 0x00000000af800000|  0%| F|  |TAMS 0x00000000af700000, 0x00000000af700000| Untracked 
| 760|0x00000000af800000, 0x00000000af800000, 0x00000000af900000|  0%| F|  |TAMS 0x00000000af800000, 0x00000000af800000| Untracked 
| 761|0x00000000af900000, 0x00000000af900000, 0x00000000afa00000|  0%| F|  |TAMS 0x00000000af900000, 0x00000000af900000| Untracked 
| 762|0x00000000afa00000, 0x00000000afa00000, 0x00000000afb00000|  0%| F|  |TAMS 0x00000000afa00000, 0x00000000afa00000| Untracked 
| 763|0x00000000afb00000, 0x00000000afb00000, 0x00000000afc00000|  0%| F|  |TAMS 0x00000000afb00000, 0x00000000afb00000| Untracked 
| 764|0x00000000afc00000, 0x00000000afc00000, 0x00000000afd00000|  0%| F|  |TAMS 0x00000000afc00000, 0x00000000afc00000| Untracked 
| 765|0x00000000afd00000, 0x00000000afd00000, 0x00000000afe00000|  0%| F|  |TAMS 0x00000000afd00000, 0x00000000afd00000| Untracked 
| 766|0x00000000afe00000, 0x00000000afe00000, 0x00000000aff00000|  0%| F|  |TAMS 0x00000000afe00000, 0x00000000afe00000| Untracked 
| 767|0x00000000aff00000, 0x00000000aff00000, 0x00000000b0000000|  0%| F|  |TAMS 0x00000000aff00000, 0x00000000aff00000| Untracked 
| 768|0x00000000b0000000, 0x00000000b0000000, 0x00000000b0100000|  0%| F|  |TAMS 0x00000000b0000000, 0x00000000b0000000| Untracked 
| 769|0x00000000b0100000, 0x00000000b0100000, 0x00000000b0200000|  0%| F|  |TAMS 0x00000000b0100000, 0x00000000b0100000| Untracked 
| 770|0x00000000b0200000, 0x00000000b0200000, 0x00000000b0300000|  0%| F|  |TAMS 0x00000000b0200000, 0x00000000b0200000| Untracked 
| 771|0x00000000b0300000, 0x00000000b0300000, 0x00000000b0400000|  0%| F|  |TAMS 0x00000000b0300000, 0x00000000b0300000| Untracked 
| 772|0x00000000b0400000, 0x00000000b0400000, 0x00000000b0500000|  0%| F|  |TAMS 0x00000000b0400000, 0x00000000b0400000| Untracked 
| 773|0x00000000b0500000, 0x00000000b0500000, 0x00000000b0600000|  0%| F|  |TAMS 0x00000000b0500000, 0x00000000b0500000| Untracked 
| 774|0x00000000b0600000, 0x00000000b0600000, 0x00000000b0700000|  0%| F|  |TAMS 0x00000000b0600000, 0x00000000b0600000| Untracked 
| 775|0x00000000b0700000, 0x00000000b0700000, 0x00000000b0800000|  0%| F|  |TAMS 0x00000000b0700000, 0x00000000b0700000| Untracked 
| 776|0x00000000b0800000, 0x00000000b0800000, 0x00000000b0900000|  0%| F|  |TAMS 0x00000000b0800000, 0x00000000b0800000| Untracked 
| 777|0x00000000b0900000, 0x00000000b0900000, 0x00000000b0a00000|  0%| F|  |TAMS 0x00000000b0900000, 0x00000000b0900000| Untracked 
| 778|0x00000000b0a00000, 0x00000000b0a00000, 0x00000000b0b00000|  0%| F|  |TAMS 0x00000000b0a00000, 0x00000000b0a00000| Untracked 
| 779|0x00000000b0b00000, 0x00000000b0b00000, 0x00000000b0c00000|  0%| F|  |TAMS 0x00000000b0b00000, 0x00000000b0b00000| Untracked 
| 780|0x00000000b0c00000, 0x00000000b0c00000, 0x00000000b0d00000|  0%| F|  |TAMS 0x00000000b0c00000, 0x00000000b0c00000| Untracked 
| 781|0x00000000b0d00000, 0x00000000b0d00000, 0x00000000b0e00000|  0%| F|  |TAMS 0x00000000b0d00000, 0x00000000b0d00000| Untracked 
| 782|0x00000000b0e00000, 0x00000000b0e00000, 0x00000000b0f00000|  0%| F|  |TAMS 0x00000000b0e00000, 0x00000000b0e00000| Untracked 
| 783|0x00000000b0f00000, 0x00000000b0f00000, 0x00000000b1000000|  0%| F|  |TAMS 0x00000000b0f00000, 0x00000000b0f00000| Untracked 
| 784|0x00000000b1000000, 0x00000000b1000000, 0x00000000b1100000|  0%| F|  |TAMS 0x00000000b1000000, 0x00000000b1000000| Untracked 
| 785|0x00000000b1100000, 0x00000000b1100000, 0x00000000b1200000|  0%| F|  |TAMS 0x00000000b1100000, 0x00000000b1100000| Untracked 
| 786|0x00000000b1200000, 0x00000000b1200000, 0x00000000b1300000|  0%| F|  |TAMS 0x00000000b1200000, 0x00000000b1200000| Untracked 
| 787|0x00000000b1300000, 0x00000000b1300000, 0x00000000b1400000|  0%| F|  |TAMS 0x00000000b1300000, 0x00000000b1300000| Untracked 
| 788|0x00000000b1400000, 0x00000000b1400000, 0x00000000b1500000|  0%| F|  |TAMS 0x00000000b1400000, 0x00000000b1400000| Untracked 
| 789|0x00000000b1500000, 0x00000000b1500000, 0x00000000b1600000|  0%| F|  |TAMS 0x00000000b1500000, 0x00000000b1500000| Untracked 
| 790|0x00000000b1600000, 0x00000000b1600000, 0x00000000b1700000|  0%| F|  |TAMS 0x00000000b1600000, 0x00000000b1600000| Untracked 
| 791|0x00000000b1700000, 0x00000000b1700000, 0x00000000b1800000|  0%| F|  |TAMS 0x00000000b1700000, 0x00000000b1700000| Untracked 
| 792|0x00000000b1800000, 0x00000000b1800000, 0x00000000b1900000|  0%| F|  |TAMS 0x00000000b1800000, 0x00000000b1800000| Untracked 

Card table byte_map: [0x0000022469e10000,0x000002246a210000] _byte_map_base: 0x0000022469a10000

Marking Bits (Prev, Next): (CMBitMap*) 0x0000022452bbcda0, (CMBitMap*) 0x0000022452bbcd60
 Prev Bits: [0x000002246c610000, 0x000002246e610000)
 Next Bits: [0x000002246a610000, 0x000002246c610000)

Polling page: 0x0000022450b40000

Metaspace:

Usage:
  Non-class:    181.82 MB used.
      Class:     26.44 MB used.
       Both:    208.26 MB used.

Virtual space:
  Non-class space:      192.00 MB reserved,     182.94 MB ( 95%) committed,  3 nodes.
      Class space:      416.00 MB reserved,      27.44 MB (  7%) committed,  1 nodes.
             Both:      608.00 MB reserved,     210.38 MB ( 35%) committed. 

Chunk freelists:
   Non-Class:  8.42 MB
       Class:  4.61 MB
        Both:  13.03 MB

MaxMetaspaceSize: 512.00 MB
CompressedClassSpaceSize: 416.00 MB
Initial GC threshold: 21.00 MB
Current GC threshold: 350.56 MB
CDS: on
MetaspaceReclaimPolicy: balanced
 - commit_granule_bytes: 65536.
 - commit_granule_words: 8192.
 - virtual_space_node_default_size: 8388608.
 - enlarge_chunks_in_place: 1.
 - new_chunks_are_fully_committed: 0.
 - uncommit_free_chunks: 1.
 - use_allocation_guard: 0.
 - handle_deallocations: 1.


Internal statistics:

num_allocs_failed_limit: 6.
num_arena_births: 3396.
num_arena_deaths: 32.
num_vsnodes_births: 4.
num_vsnodes_deaths: 0.
num_space_committed: 3363.
num_space_uncommitted: 0.
num_chunks_returned_to_freelist: 82.
num_chunks_taken_from_freelist: 12570.
num_chunk_merges: 10.
num_chunk_splits: 8406.
num_chunks_enlarged: 5605.
num_inconsistent_stats: 0.

CodeHeap 'non-profiled nmethods': size=120000Kb used=26888Kb max_used=26888Kb free=93111Kb
 bounds [0x00000224621b0000, 0x0000022463c00000, 0x00000224696e0000]
CodeHeap 'profiled nmethods': size=120000Kb used=69027Kb max_used=70058Kb free=50972Kb
 bounds [0x000002245a6e0000, 0x000002245eb90000, 0x0000022461c10000]
CodeHeap 'non-nmethods': size=5760Kb used=2717Kb max_used=2853Kb free=3043Kb
 bounds [0x0000022461c10000, 0x0000022461f00000, 0x00000224621b0000]
 total_blobs=31942 nmethods=30639 adapters=1211
 compilation: enabled
              stopped_count=0, restarted_count=0
 full_count=0

Compilation events (20 events):
Event: 502.228 Thread 0x000002247104e3c0 nmethod 38555 0x0000022463bca410 code [0x0000022463bca940, 0x0000022463bd0318]
Event: 502.228 Thread 0x000002247104e3c0 38509       4       org.apache.commons.compress.archivers.zip.ZipArchiveOutputStream::closeArchiveEntry (85 bytes)
Event: 502.236 Thread 0x000002242bfaf5a0 nmethod 38553 0x0000022463bd4a10 code [0x0000022463bd4c00, 0x0000022463bd5a88]
Event: 502.236 Thread 0x000002242bfaf5a0 38484       4       org.apache.commons.compress.archivers.zip.ZipArchiveOutputStream::closeEntry (40 bytes)
Event: 502.255 Thread 0x0000022471050a20 38569 %     3       org.objectweb.asm.MethodWriter::visitTableSwitchInsn @ 78 (120 bytes)
Event: 502.256 Thread 0x0000022471050a20 nmethod 38569% 0x000002245cc10d10 code [0x000002245cc10f40, 0x000002245cc114e8]
Event: 502.272 Thread 0x000002242bfaf5a0 nmethod 38484 0x0000022463bd6910 code [0x0000022463bd6b60, 0x0000022463bd86f8]
Event: 502.272 Thread 0x000002242bfaf5a0 38499   !   4       java.util.zip.Deflater::reset (64 bytes)
Event: 502.276 Thread 0x000002242bfaf5a0 nmethod 38499 0x0000022463bd9410 code [0x0000022463bd95a0, 0x0000022463bd9a68]
Event: 502.276 Thread 0x000002242bfaf5a0 38500       4       org.apache.commons.compress.archivers.zip.ZipArchiveOutputStream::preClose (56 bytes)
Event: 502.280 Thread 0x000002242bfaf5a0 nmethod 38500 0x0000022463bd9c10 code [0x0000022463bd9dc0, 0x0000022463bda088]
Event: 502.280 Thread 0x000002242bfaf5a0 38501       4       org.apache.commons.compress.archivers.zip.ZipArchiveOutputStream::writeDataDescriptor (87 bytes)
Event: 502.301 Thread 0x000002247104e3c0 nmethod 38509 0x0000022463bda410 code [0x0000022463bda700, 0x0000022463bdd708]
Event: 502.301 Thread 0x000002247104e3c0 38528       4       org.apache.commons.compress.archivers.zip.ZipArchiveEntry::setMethod (38 bytes)
Event: 502.302 Thread 0x000002247104e3c0 nmethod 38528 0x0000022463bdf090 code [0x0000022463bdf220, 0x0000022463bdf2b8]
Event: 502.302 Thread 0x000002247104e3c0 38387       4       org.gradle.internal.classpath.transforms.BaseClasspathElementTransform::processClassFile (98 bytes)
Event: 502.313 Thread 0x000002242bfaf5a0 nmethod 38501 0x0000022463bdf390 code [0x0000022463bdf5e0, 0x0000022463be1018]
Event: 502.313 Thread 0x000002242bfaf5a0 38504       4       org.gradle.internal.classpath.transforms.LambdaSerializationTransformer::visitEnd (28 bytes)
Event: 502.382 Thread 0x000002242bfb2ac0 nmethod 38513% 0x0000022463be1d90 code [0x0000022463be2560, 0x0000022463bebdc0]
Event: 502.383 Thread 0x000002242bfb2ac0 38577 %     4       org.objectweb.asm.ClassReader::readCode @ 2187 (5117 bytes)

GC Heap History (20 events):
Event: 498.107 GC heap after
{Heap after GC invocations=110 (full 0):
 garbage-first heap   total 679936K, used 286999K [0x0000000080000000, 0x0000000100000000)
  region size 1024K, 32 young (32768K), 32 survivors (32768K)
 Metaspace       used 213094K, committed 215296K, reserved 622592K
  class space    used 27072K, committed 28096K, reserved 425984K
}
Event: 498.110 GC heap before
{Heap before GC invocations=110 (full 0):
 garbage-first heap   total 679936K, used 288023K [0x0000000080000000, 0x0000000100000000)
  region size 1024K, 33 young (33792K), 32 survivors (32768K)
 Metaspace       used 213095K, committed 215296K, reserved 622592K
  class space    used 27072K, committed 28096K, reserved 425984K
}
Event: 498.134 GC heap after
{Heap after GC invocations=111 (full 0):
 garbage-first heap   total 679936K, used 289129K [0x0000000080000000, 0x0000000100000000)
  region size 1024K, 4 young (4096K), 4 survivors (4096K)
 Metaspace       used 213095K, committed 215296K, reserved 622592K
  class space    used 27072K, committed 28096K, reserved 425984K
}
Event: 498.320 GC heap before
{Heap before GC invocations=111 (full 0):
 garbage-first heap   total 679936K, used 389481K [0x0000000080000000, 0x0000000100000000)
  region size 1024K, 104 young (106496K), 4 survivors (4096K)
 Metaspace       used 213138K, committed 215296K, reserved 622592K
  class space    used 27072K, committed 28096K, reserved 425984K
}
Event: 498.323 GC heap after
{Heap after GC invocations=112 (full 0):
 garbage-first heap   total 679936K, used 286349K [0x0000000080000000, 0x0000000100000000)
  region size 1024K, 2 young (2048K), 2 survivors (2048K)
 Metaspace       used 213138K, committed 215296K, reserved 622592K
  class space    used 27072K, committed 28096K, reserved 425984K
}
Event: 499.123 GC heap before
{Heap before GC invocations=113 (full 0):
 garbage-first heap   total 679936K, used 571021K [0x0000000080000000, 0x0000000100000000)
  region size 1024K, 280 young (286720K), 2 survivors (2048K)
 Metaspace       used 213166K, committed 215296K, reserved 622592K
  class space    used 27072K, committed 28096K, reserved 425984K
}
Event: 499.130 GC heap after
{Heap after GC invocations=114 (full 0):
 garbage-first heap   total 679936K, used 290252K [0x0000000080000000, 0x0000000100000000)
  region size 1024K, 5 young (5120K), 5 survivors (5120K)
 Metaspace       used 213166K, committed 215296K, reserved 622592K
  class space    used 27072K, committed 28096K, reserved 425984K
}
Event: 499.182 GC heap before
{Heap before GC invocations=114 (full 0):
 garbage-first heap   total 679936K, used 317900K [0x0000000080000000, 0x0000000100000000)
  region size 1024K, 33 young (33792K), 5 survivors (5120K)
 Metaspace       used 213170K, committed 215360K, reserved 622592K
  class space    used 27072K, committed 28096K, reserved 425984K
}
Event: 499.191 GC heap after
{Heap after GC invocations=115 (full 0):
 garbage-first heap   total 679936K, used 287672K [0x0000000080000000, 0x0000000100000000)
  region size 1024K, 1 young (1024K), 1 survivors (1024K)
 Metaspace       used 213170K, committed 215360K, reserved 622592K
  class space    used 27072K, committed 28096K, reserved 425984K
}
Event: 499.735 GC heap before
{Heap before GC invocations=115 (full 0):
 garbage-first heap   total 679936K, used 576440K [0x0000000080000000, 0x0000000100000000)
  region size 1024K, 283 young (289792K), 1 survivors (1024K)
 Metaspace       used 213195K, committed 215360K, reserved 622592K
  class space    used 27072K, committed 28096K, reserved 425984K
}
Event: 499.739 GC heap after
{Heap after GC invocations=116 (full 0):
 garbage-first heap   total 679936K, used 289619K [0x0000000080000000, 0x0000000100000000)
  region size 1024K, 3 young (3072K), 3 survivors (3072K)
 Metaspace       used 213195K, committed 215360K, reserved 622592K
  class space    used 27072K, committed 28096K, reserved 425984K
}
Event: 501.040 GC heap before
{Heap before GC invocations=117 (full 0):
 garbage-first heap   total 679936K, used 580435K [0x0000000080000000, 0x0000000100000000)
  region size 1024K, 288 young (294912K), 3 survivors (3072K)
 Metaspace       used 213246K, committed 215360K, reserved 622592K
  class space    used 27072K, committed 28096K, reserved 425984K
}
Event: 501.045 GC heap after
{Heap after GC invocations=118 (full 0):
 garbage-first heap   total 679936K, used 291718K [0x0000000080000000, 0x0000000100000000)
  region size 1024K, 5 young (5120K), 5 survivors (5120K)
 Metaspace       used 213246K, committed 215360K, reserved 622592K
  class space    used 27072K, committed 28096K, reserved 425984K
}
Event: 501.103 GC heap before
{Heap before GC invocations=118 (full 0):
 garbage-first heap   total 679936K, used 320390K [0x0000000080000000, 0x0000000100000000)
  region size 1024K, 33 young (33792K), 5 survivors (5120K)
 Metaspace       used 213247K, committed 215424K, reserved 622592K
  class space    used 27072K, committed 28096K, reserved 425984K
}
Event: 501.113 GC heap after
{Heap after GC invocations=119 (full 0):
 garbage-first heap   total 679936K, used 290827K [0x0000000080000000, 0x0000000100000000)
  region size 1024K, 4 young (4096K), 4 survivors (4096K)
 Metaspace       used 213247K, committed 215424K, reserved 622592K
  class space    used 27072K, committed 28096K, reserved 425984K
}
Event: 501.744 GC heap before
{Heap before GC invocations=119 (full 0):
 garbage-first heap   total 679936K, used 586763K [0x0000000080000000, 0x0000000100000000)
  region size 1024K, 293 young (300032K), 4 survivors (4096K)
 Metaspace       used 213255K, committed 215424K, reserved 622592K
  class space    used 27073K, committed 28096K, reserved 425984K
}
Event: 501.750 GC heap after
{Heap after GC invocations=120 (full 0):
 garbage-first heap   total 679936K, used 292927K [0x0000000080000000, 0x0000000100000000)
  region size 1024K, 6 young (6144K), 6 survivors (6144K)
 Metaspace       used 213255K, committed 215424K, reserved 622592K
  class space    used 27073K, committed 28096K, reserved 425984K
}
Event: 502.442 GC heap before
{Heap before GC invocations=121 (full 0):
 garbage-first heap   total 790528K, used 577599K [0x0000000080000000, 0x0000000100000000)
  region size 1024K, 285 young (291840K), 6 survivors (6144K)
 Metaspace       used 213256K, committed 215424K, reserved 622592K
  class space    used 27073K, committed 28096K, reserved 425984K
}
Event: 502.450 GC heap after
{Heap after GC invocations=122 (full 0):
 garbage-first heap   total 790528K, used 294647K [0x0000000080000000, 0x0000000100000000)
  region size 1024K, 7 young (7168K), 7 survivors (7168K)
 Metaspace       used 213256K, committed 215424K, reserved 622592K
  class space    used 27073K, committed 28096K, reserved 425984K
}
Event: 502.496 GC heap before
{Heap before GC invocations=122 (full 0):
 garbage-first heap   total 790528K, used 325367K [0x0000000080000000, 0x0000000100000000)
  region size 1024K, 38 young (38912K), 7 survivors (7168K)
 Metaspace       used 213256K, committed 215424K, reserved 622592K
  class space    used 27073K, committed 28096K, reserved 425984K
}

Dll operation events (17 events):
Event: 1.149 Loaded shared library C:\Program Files\Eclipse Adoptium\jdk-17.0.19.10-hotspot\bin\java.dll
Event: 1.169 Loaded shared library C:\Program Files\Eclipse Adoptium\jdk-17.0.19.10-hotspot\bin\jsvml.dll
Event: 1.243 Loaded shared library C:\Program Files\Eclipse Adoptium\jdk-17.0.19.10-hotspot\bin\zip.dll
Event: 1.281 Loaded shared library C:\Program Files\Eclipse Adoptium\jdk-17.0.19.10-hotspot\bin\instrument.dll
Event: 1.286 Loaded shared library C:\Program Files\Eclipse Adoptium\jdk-17.0.19.10-hotspot\bin\net.dll
Event: 1.289 Loaded shared library C:\Program Files\Eclipse Adoptium\jdk-17.0.19.10-hotspot\bin\nio.dll
Event: 1.292 Loaded shared library C:\Program Files\Eclipse Adoptium\jdk-17.0.19.10-hotspot\bin\zip.dll
Event: 1.681 Loaded shared library C:\Program Files\Eclipse Adoptium\jdk-17.0.19.10-hotspot\bin\jimage.dll
Event: 1.904 Loaded shared library C:\Program Files\Eclipse Adoptium\jdk-17.0.19.10-hotspot\bin\verify.dll
Event: 2.039 Loaded shared library C:\Users\giova\.gradle\native\1def1411415f61bf3af743bc5b6707747c0891f09f0c88961ee8f79bc544acac\windows-amd64\native-platform.dll
Event: 2.112 Loaded shared library C:\Users\giova\.gradle\native\0.2.7\x86_64-windows-gnu\gradle-fileevents.dll
Event: 3.844 Loaded shared library C:\Program Files\Eclipse Adoptium\jdk-17.0.19.10-hotspot\bin\management.dll
Event: 3.847 Loaded shared library C:\Program Files\Eclipse Adoptium\jdk-17.0.19.10-hotspot\bin\management_ext.dll
Event: 4.198 Loaded shared library C:\Program Files\Eclipse Adoptium\jdk-17.0.19.10-hotspot\bin\extnet.dll
Event: 4.408 Loaded shared library C:\Program Files\Eclipse Adoptium\jdk-17.0.19.10-hotspot\bin\sunmscapi.dll
Event: 58.213 Loaded shared library C:\Program Files\Eclipse Adoptium\jdk-17.0.19.10-hotspot\bin\rmi.dll
Event: 312.693 Loaded shared library C:\Users\giova\AppData\Local\Temp\jna-98361144\jna14418196466712073055.dll

Deoptimization events (20 events):
Event: 501.486 Thread 0x000002247b377f90 DEOPT PACKING pc=0x0000022463b638f0 sp=0x000000b84f2fb2b0
Event: 501.486 Thread 0x000002247b377f90 DEOPT UNPACKING pc=0x0000022461c669a3 sp=0x000000b84f2fb2b8 mode 2
Event: 501.574 Thread 0x00000224790398d0 Uncommon trap: trap_request=0xffffffc6 fr.pc=0x0000022463897874 relative=0x0000000000001274
Event: 501.574 Thread 0x00000224790398d0 Uncommon trap: reason=bimorphic_or_optimized_type_check action=maybe_recompile pc=0x0000022463897874 method=java.util.concurrent.ConcurrentHashMap.get(Ljava/lang/Object;)Ljava/lang/Object; @ 93 c2
Event: 501.574 Thread 0x00000224790398d0 DEOPT PACKING pc=0x0000022463897874 sp=0x000000b8507fbf00
Event: 501.574 Thread 0x00000224790398d0 DEOPT UNPACKING pc=0x0000022461c669a3 sp=0x000000b8507fbe28 mode 2
Event: 501.576 Thread 0x000002247b379df0 DEOPT PACKING pc=0x000002245ea40703 sp=0x000000b850ffb5d0
Event: 501.576 Thread 0x000002247b379df0 DEOPT UNPACKING pc=0x0000022461c67143 sp=0x000000b850ffaae0 mode 0
Event: 501.578 Thread 0x000002247b379df0 Uncommon trap: trap_request=0xffffff45 fr.pc=0x000002246317c530 relative=0x0000000000001070
Event: 501.578 Thread 0x000002247b379df0 Uncommon trap: reason=unstable_if action=reinterpret pc=0x000002246317c530 method=java.util.concurrent.ConcurrentHashMap.transfer([Ljava/util/concurrent/ConcurrentHashMap$Node;[Ljava/util/concurrent/ConcurrentHashMap$Node;)V @ 352 c2
Event: 501.578 Thread 0x000002247b379df0 DEOPT PACKING pc=0x000002246317c530 sp=0x000000b850ffb670
Event: 501.578 Thread 0x000002247b379df0 DEOPT UNPACKING pc=0x0000022461c669a3 sp=0x000000b850ffb5d8 mode 2
Event: 501.803 Thread 0x00000224790398d0 Uncommon trap: trap_request=0xffffff45 fr.pc=0x000002246398eac8 relative=0x0000000000003a68
Event: 501.803 Thread 0x00000224790398d0 Uncommon trap: reason=unstable_if action=reinterpret pc=0x000002246398eac8 method=org.gradle.internal.classpath.transforms.AdhocInterceptors.visitINVOKESTATIC(Lorg/gradle/model/internal/asm/MethodVisitorScope;Ljava/lang/String;Ljava/lang/String;Ljava/lang
Event: 501.803 Thread 0x00000224790398d0 DEOPT PACKING pc=0x000002246398eac8 sp=0x000000b8507fb1f0
Event: 501.803 Thread 0x00000224790398d0 DEOPT UNPACKING pc=0x0000022461c669a3 sp=0x000000b8507fb1c8 mode 2
Event: 502.027 Thread 0x000002242859c980 Uncommon trap: trap_request=0xffffffc6 fr.pc=0x00000224636d8dbc relative=0x0000000000001efc
Event: 502.027 Thread 0x000002242859c980 Uncommon trap: reason=bimorphic_or_optimized_type_check action=maybe_recompile pc=0x00000224636d8dbc method=java.util.HashMap$TreeNode.putTreeVal(Ljava/util/HashMap;[Ljava/util/HashMap$Node;ILjava/lang/Object;Ljava/lang/Object;)Ljava/util/HashMap$TreeNode
Event: 502.027 Thread 0x000002242859c980 DEOPT PACKING pc=0x00000224636d8dbc sp=0x000000b84acf5430
Event: 502.027 Thread 0x000002242859c980 DEOPT UNPACKING pc=0x0000022461c669a3 sp=0x000000b84acf53e8 mode 2

Classes loaded (20 events):
Event: 463.388 Loading class sun/nio/fs/WindowsPathBeanInfo
Event: 463.388 Loading class sun/nio/fs/WindowsPathBeanInfo done
Event: 463.389 Loading class sun/nio/fs/WindowsPathBeanInfo
Event: 463.389 Loading class sun/nio/fs/WindowsPathBeanInfo done
Event: 463.390 Loading class sun/nio/fs/WindowsPathCustomizer
Event: 463.390 Loading class sun/nio/fs/WindowsPathCustomizer done
Event: 463.390 Loading class sun/nio/fs/WindowsPathCustomizer
Event: 463.390 Loading class sun/nio/fs/WindowsPathCustomizer done
Event: 463.394 Loading class java/nio/file/WatchEvent
Event: 463.406 Loading class java/nio/file/WatchEvent done
Event: 463.410 Loading class java/nio/file/PathsBeanInfo
Event: 463.410 Loading class java/nio/file/PathsBeanInfo done
Event: 463.411 Loading class java/nio/file/PathsBeanInfo
Event: 463.411 Loading class java/nio/file/PathsBeanInfo done
Event: 463.411 Loading class java/nio/file/PathsCustomizer
Event: 463.411 Loading class java/nio/file/PathsCustomizer done
Event: 463.411 Loading class java/nio/file/PathsCustomizer
Event: 463.411 Loading class java/nio/file/PathsCustomizer done
Event: 464.630 Loading class java/util/concurrent/locks/ReentrantReadWriteLock$Sync$HoldCounter
Event: 464.736 Loading class java/util/concurrent/locks/ReentrantReadWriteLock$Sync$HoldCounter done

Classes unloaded (20 events):
Event: 462.565 Thread 0x0000022471023c10 Unloading class 0x0000022402ac2920 '_BuildScript_$_run_closure1$_closure2'
Event: 462.565 Thread 0x0000022471023c10 Unloading class 0x0000022402ac2538 '_BuildScript_$_run_closure1'
Event: 462.565 Thread 0x0000022471023c10 Unloading class 0x0000022402ac2000 '_BuildScript_'
Event: 477.760 Thread 0x0000022471023c10 Unloading class 0x0000022402b2d388 '_BuildScript_$_run_closure4'
Event: 477.760 Thread 0x0000022471023c10 Unloading class 0x0000022402b2cfa0 '_BuildScript_$_run_closure3$_closure12'
Event: 477.760 Thread 0x0000022471023c10 Unloading class 0x0000022402b2cbb8 '_BuildScript_$_run_closure3'
Event: 477.760 Thread 0x0000022471023c10 Unloading class 0x0000022402b2c7d0 '_BuildScript_$_run_closure2$_closure9$_closure11'
Event: 477.760 Thread 0x0000022471023c10 Unloading class 0x0000022402b2c3e8 '_BuildScript_$_run_closure2$_closure9'
Event: 477.760 Thread 0x0000022471023c10 Unloading class 0x0000022402b2c000 '_BuildScript_$_run_closure2$_closure8$_closure10'
Event: 477.760 Thread 0x0000022471023c10 Unloading class 0x0000022402b58bb8 '_BuildScript_$_run_closure2$_closure8'
Event: 477.760 Thread 0x0000022471023c10 Unloading class 0x0000022402b587d0 '_BuildScript_$_run_closure2$_closure7'
Event: 477.760 Thread 0x0000022471023c10 Unloading class 0x0000022402b583e8 '_BuildScript_$_run_closure2$_closure6'
Event: 477.760 Thread 0x0000022471023c10 Unloading class 0x0000022402b58000 '_BuildScript_$_run_closure2$_closure5'
Event: 477.760 Thread 0x0000022471023c10 Unloading class 0x0000022402b523e8 '_BuildScript_$_run_closure2'
Event: 477.760 Thread 0x0000022471023c10 Unloading class 0x0000022402b52000 '_BuildScript_$_run_closure1'
Event: 477.760 Thread 0x0000022471023c10 Unloading class 0x0000022402b53800 '_BuildScript_'
Event: 492.917 Thread 0x0000022471023c10 Unloading class 0x0000022402b31c00 '_BuildScript_$_run_closure1$_closure3'
Event: 492.917 Thread 0x0000022471023c10 Unloading class 0x0000022402b63920 '_BuildScript_$_run_closure1$_closure2'
Event: 492.917 Thread 0x0000022471023c10 Unloading class 0x0000022402b63538 '_BuildScript_$_run_closure1'
Event: 492.917 Thread 0x0000022471023c10 Unloading class 0x0000022402b63000 '_BuildScript_'

Classes redefined (0 events):
No events

Internal exceptions (20 events):
Event: 499.533 Thread 0x000002247b37a300 Exception <a 'sun/nio/fs/WindowsException'{0x00000000a0fd3b20}> (0x00000000a0fd3b20) 
thrown [s\src\hotspot\share\prims\jni.cpp, line 516]
Event: 499.580 Thread 0x00000224790398d0 Exception <a 'sun/nio/fs/WindowsException'{0x000000009e4a0748}> (0x000000009e4a0748) 
thrown [s\src\hotspot\share\prims\jni.cpp, line 516]
Event: 499.616 Thread 0x000002247b379df0 Exception <a 'sun/nio/fs/WindowsException'{0x000000009d348e70}> (0x000000009d348e70) 
thrown [s\src\hotspot\share\prims\jni.cpp, line 516]
Event: 499.635 Thread 0x0000022427a1e8d0 Exception <a 'sun/nio/fs/WindowsException'{0x000000009be2e848}> (0x000000009be2e848) 
thrown [s\src\hotspot\share\prims\jni.cpp, line 516]
Event: 500.754 Thread 0x000002247b37c670 Exception <a 'sun/nio/fs/WindowsException'{0x00000000a5d90430}> (0x00000000a5d90430) 
thrown [s\src\hotspot\share\prims\jni.cpp, line 516]
Event: 500.877 Thread 0x00000224790398d0 Exception <a 'sun/nio/fs/WindowsException'{0x000000009bd87eb0}> (0x000000009bd87eb0) 
thrown [s\src\hotspot\share\prims\jni.cpp, line 516]
Event: 500.897 Thread 0x000002247b37a300 Exception <a 'sun/nio/fs/WindowsException'{0x000000009bb34848}> (0x000000009bb34848) 
thrown [s\src\hotspot\share\prims\jni.cpp, line 516]
Event: 500.937 Thread 0x000002247b37c670 Exception <a 'sun/nio/fs/WindowsException'{0x000000009add4e50}> (0x000000009add4e50) 
thrown [s\src\hotspot\share\prims\jni.cpp, line 516]
Event: 500.945 Thread 0x0000022427a1e8d0 Exception <a 'sun/nio/fs/WindowsException'{0x000000009aae24f0}> (0x000000009aae24f0) 
thrown [s\src\hotspot\share\prims\jni.cpp, line 516]
Event: 500.947 Thread 0x000002247b379df0 Exception <a 'sun/nio/fs/WindowsException'{0x000000009aa3c7e0}> (0x000000009aa3c7e0) 
thrown [s\src\hotspot\share\prims\jni.cpp, line 516]
Event: 501.181 Thread 0x000002247b37a300 Exception <a 'sun/nio/fs/WindowsException'{0x00000000a72b7860}> (0x00000000a72b7860) 
thrown [s\src\hotspot\share\prims\jni.cpp, line 516]
Event: 501.182 Thread 0x000002247b379df0 Exception <a 'sun/nio/fs/WindowsException'{0x00000000a72f27b0}> (0x00000000a72f27b0) 
thrown [s\src\hotspot\share\prims\jni.cpp, line 516]
Event: 501.202 Thread 0x00000224790398d0 Exception <a 'sun/nio/fs/WindowsException'{0x00000000a68197c8}> (0x00000000a68197c8) 
thrown [s\src\hotspot\share\prims\jni.cpp, line 516]
Event: 501.213 Thread 0x000002247b37c670 Exception <a 'sun/nio/fs/WindowsException'{0x00000000a647e888}> (0x00000000a647e888) 
thrown [s\src\hotspot\share\prims\jni.cpp, line 516]
Event: 501.225 Thread 0x0000022427a1e8d0 Exception <a 'sun/nio/fs/WindowsException'{0x00000000a6026478}> (0x00000000a6026478) 
thrown [s\src\hotspot\share\prims\jni.cpp, line 516]
Event: 501.678 Thread 0x0000022427a1e8d0 Exception <a 'sun/nio/fs/WindowsException'{0x0000000099f767a8}> (0x0000000099f767a8) 
thrown [s\src\hotspot\share\prims\jni.cpp, line 516]
Event: 501.678 Thread 0x000002247b37a300 Exception <a 'sun/nio/fs/WindowsException'{0x000000009a062e58}> (0x000000009a062e58) 
thrown [s\src\hotspot\share\prims\jni.cpp, line 516]
Event: 501.679 Thread 0x000002247b379df0 Exception <a 'sun/nio/fs/WindowsException'{0x0000000099f58940}> (0x0000000099f58940) 
thrown [s\src\hotspot\share\prims\jni.cpp, line 516]
Event: 501.796 Thread 0x00000224790398d0 Exception <a 'sun/nio/fs/WindowsException'{0x00000000a841fae8}> (0x00000000a841fae8) 
thrown [s\src\hotspot\share\prims\jni.cpp, line 516]
Event: 502.006 Thread 0x000002247b37a300 Exception <a 'sun/nio/fs/WindowsException'{0x00000000a2d13f00}> (0x00000000a2d13f00) 
thrown [s\src\hotspot\share\prims\jni.cpp, line 516]

VM Operations (20 events):
Event: 500.078 Executing VM operation: G1PauseRemark done
Event: 500.184 Executing VM operation: G1PauseCleanup
Event: 500.185 Executing VM operation: G1PauseCleanup done
Event: 501.040 Executing VM operation: G1CollectForAllocation
Event: 501.045 Executing VM operation: G1CollectForAllocation done
Event: 501.103 Executing VM operation: G1CollectForAllocation
Event: 501.113 Executing VM operation: G1CollectForAllocation done
Event: 501.744 Executing VM operation: G1CollectForAllocation
Event: 501.744 Executing VM operation: G1CollectForAllocation done
Event: 501.744 Executing VM operation: G1CollectForAllocation
Event: 501.750 Executing VM operation: G1CollectForAllocation done
Event: 502.146 Executing VM operation: G1PauseRemark
Event: 502.177 Executing VM operation: G1PauseRemark done
Event: 502.357 Executing VM operation: G1PauseCleanup
Event: 502.358 Executing VM operation: G1PauseCleanup done
Event: 502.442 Executing VM operation: G1CollectForAllocation
Event: 502.442 Executing VM operation: G1CollectForAllocation done
Event: 502.442 Executing VM operation: G1CollectForAllocation
Event: 502.450 Executing VM operation: G1CollectForAllocation done
Event: 502.496 Executing VM operation: G1CollectForAllocation

Memory protections (0 events):
No events

Nmethod flushes (20 events):
Event: 499.906 Thread 0x00000224710657d0 flushing  nmethod 0x000002245d3e6c90
Event: 499.906 Thread 0x00000224710657d0 flushing  nmethod 0x000002245d3eba90
Event: 499.913 Thread 0x00000224710657d0 flushing  nmethod 0x000002245dbfe790
Event: 499.918 Thread 0x00000224710657d0 flushing  nmethod 0x000002245e202210
Event: 499.918 Thread 0x00000224710657d0 flushing  nmethod 0x000002245e203110
Event: 499.918 Thread 0x00000224710657d0 flushing  nmethod 0x000002245e203910
Event: 499.918 Thread 0x00000224710657d0 flushing  nmethod 0x000002245e204710
Event: 499.918 Thread 0x00000224710657d0 flushing  nmethod 0x000002245e205b10
Event: 499.918 Thread 0x00000224710657d0 flushing  nmethod 0x000002245e206790
Event: 499.918 Thread 0x00000224710657d0 flushing  nmethod 0x000002245e207790
Event: 499.920 Thread 0x00000224710657d0 flushing  nmethod 0x000002245e5a9f10
Event: 499.920 Thread 0x00000224710657d0 flushing  nmethod 0x000002245e5abd90
Event: 499.920 Thread 0x00000224710657d0 flushing  nmethod 0x000002245e5ad310
Event: 499.920 Thread 0x00000224710657d0 flushing  nmethod 0x000002245e5afa90
Event: 499.920 Thread 0x00000224710657d0 flushing  nmethod 0x000002245e5b2810
Event: 499.922 Thread 0x00000224710657d0 flushing  nmethod 0x000002245e8ecf10
Event: 499.922 Thread 0x00000224710657d0 flushing  nmethod 0x000002245e92eb90
Event: 499.923 Thread 0x00000224710657d0 flushing  nmethod 0x000002245ea65110
Event: 499.923 Thread 0x00000224710657d0 flushing  nmethod 0x000002245ea8df90
Event: 499.923 Thread 0x00000224710657d0 flushing  nmethod 0x000002245eab6710

Events (20 events):
Event: 466.873 Thread 0x0000022471050a20 Thread added: 0x000002242bfac080
Event: 467.191 Thread 0x000002242bfac080 Thread exited: 0x000002242bfac080
Event: 468.176 Thread 0x0000022477df0580 Thread exited: 0x0000022477df0580
Event: 469.438 Thread 0x0000022471050a20 Thread added: 0x000002242bfac080
Event: 469.588 Thread 0x000002242bfac080 Thread exited: 0x000002242bfac080
Event: 471.780 Thread 0x0000022471050a20 Thread added: 0x000002242bfb1580
Event: 471.780 Thread 0x0000022471050a20 Thread added: 0x000002242bfb3010
Event: 474.079 Thread 0x000002242bfb3010 Thread exited: 0x000002242bfb3010
Event: 474.363 Thread 0x000002242bfb1580 Thread exited: 0x000002242bfb1580
Event: 478.035 Thread 0x000002247104e3c0 Thread added: 0x000002242bfb1580
Event: 478.230 Thread 0x000002242bfb1580 Thread exited: 0x000002242bfb1580
Event: 478.329 Thread 0x0000022471050a20 Thread added: 0x000002242bfb3560
Event: 478.966 Thread 0x000002242bfb3560 Thread exited: 0x000002242bfb3560
Event: 484.574 Thread 0x000002247b377a80 Thread exited: 0x000002247b377a80
Event: 495.447 Thread 0x000002247104e3c0 Thread added: 0x000002242bfb2ac0
Event: 497.635 Thread 0x000002242bfb2ac0 Thread exited: 0x000002242bfb2ac0
Event: 497.777 Thread 0x0000022471050a20 Thread added: 0x000002242bfb2ac0
Event: 497.808 Thread 0x0000022471050a20 Thread added: 0x000002242bfb3010
Event: 500.547 Thread 0x000002242bfb3010 Thread exited: 0x000002242bfb3010
Event: 500.589 Thread 0x0000022471050a20 Thread added: 0x000002242bfaf5a0


Dynamic libraries:
0x00007ff79b970000 - 0x00007ff79b97e000 	C:\Program Files\Eclipse Adoptium\jdk-17.0.19.10-hotspot\bin\java.exe
0x00007ff857e60000 - 0x00007ff8580c8000 	C:\WINDOWS\SYSTEM32\ntdll.dll
0x00007ff856a00000 - 0x00007ff856ac9000 	C:\WINDOWS\System32\KERNEL32.DLL
0x00007ff855120000 - 0x00007ff855518000 	C:\WINDOWS\System32\KERNELBASE.dll
0x00007ff855ab0000 - 0x00007ff855bfb000 	C:\WINDOWS\System32\ucrtbase.dll
0x00007ff831880000 - 0x00007ff83189e000 	C:\Program Files\Eclipse Adoptium\jdk-17.0.19.10-hotspot\bin\VCRUNTIME140.dll
0x00007ff8340e0000 - 0x00007ff8340f8000 	C:\Program Files\Eclipse Adoptium\jdk-17.0.19.10-hotspot\bin\jli.dll
0x00007ff8574f0000 - 0x00007ff8576b7000 	C:\WINDOWS\System32\USER32.dll
0x00007ff848a60000 - 0x00007ff848cf4000 	C:\WINDOWS\WinSxS\amd64_microsoft.windows.common-controls_6595b64144ccf1df_6.0.26100.7019_none_3e06ffa0e335b8a8\COMCTL32.dll
0x00007ff855840000 - 0x00007ff855867000 	C:\WINDOWS\System32\win32u.dll
0x00007ff856ed0000 - 0x00007ff856f79000 	C:\WINDOWS\System32\msvcrt.dll
0x00007ff856f80000 - 0x00007ff856fab000 	C:\WINDOWS\System32\GDI32.dll
0x00007ff855520000 - 0x00007ff85564c000 	C:\WINDOWS\System32\gdi32full.dll
0x00007ff8556e0000 - 0x00007ff855783000 	C:\WINDOWS\System32\msvcp_win.dll
0x00007ff8560f0000 - 0x00007ff856121000 	C:\WINDOWS\System32\IMM32.DLL
0x00007ff840a20000 - 0x00007ff840a2c000 	C:\Program Files\Eclipse Adoptium\jdk-17.0.19.10-hotspot\bin\vcruntime140_1.dll
0x00007ff821470000 - 0x00007ff8214fd000 	C:\Program Files\Eclipse Adoptium\jdk-17.0.19.10-hotspot\bin\msvcp140.dll
0x00007fffc0520000 - 0x00007fffc118c000 	C:\Program Files\Eclipse Adoptium\jdk-17.0.19.10-hotspot\bin\server\jvm.dll
0x00007ff855d40000 - 0x00007ff855df4000 	C:\WINDOWS\System32\ADVAPI32.dll
0x00007ff856ca0000 - 0x00007ff856d46000 	C:\WINDOWS\System32\sechost.dll
0x00007ff856b80000 - 0x00007ff856c98000 	C:\WINDOWS\System32\RPCRT4.dll
0x00007ff8566c0000 - 0x00007ff856734000 	C:\WINDOWS\System32\WS2_32.dll
0x00007ff854e10000 - 0x00007ff854e6e000 	C:\WINDOWS\SYSTEM32\POWRPROF.dll
0x00007ff848830000 - 0x00007ff848865000 	C:\WINDOWS\SYSTEM32\WINMM.dll
0x00007ff84a590000 - 0x00007ff84a59b000 	C:\WINDOWS\SYSTEM32\VERSION.dll
0x00007ff854df0000 - 0x00007ff854e04000 	C:\WINDOWS\SYSTEM32\UMPDC.dll
0x00007ff853d30000 - 0x00007ff853d4b000 	C:\WINDOWS\SYSTEM32\kernel.appcore.dll
0x00007ff83e250000 - 0x00007ff83e25a000 	C:\Program Files\Eclipse Adoptium\jdk-17.0.19.10-hotspot\bin\jimage.dll
0x00007ff840a30000 - 0x00007ff840c72000 	C:\WINDOWS\SYSTEM32\DBGHELP.DLL
0x00007ff856130000 - 0x00007ff8564bb000 	C:\WINDOWS\System32\combase.dll
0x00007ff855e00000 - 0x00007ff855ed7000 	C:\WINDOWS\System32\OLEAUT32.dll
0x00007ff833e80000 - 0x00007ff833ebc000 	C:\WINDOWS\SYSTEM32\dbgcore.DLL
0x00007ff855790000 - 0x00007ff855835000 	C:\WINDOWS\System32\bcryptPrimitives.dll
0x00007ff8353b0000 - 0x00007ff8353be000 	C:\Program Files\Eclipse Adoptium\jdk-17.0.19.10-hotspot\bin\instrument.dll
0x00007ff8317d0000 - 0x00007ff8317f5000 	C:\Program Files\Eclipse Adoptium\jdk-17.0.19.10-hotspot\bin\java.dll
0x00007ffff94a0000 - 0x00007ffff9577000 	C:\Program Files\Eclipse Adoptium\jdk-17.0.19.10-hotspot\bin\jsvml.dll
0x00007ff8576c0000 - 0x00007ff857e0f000 	C:\WINDOWS\System32\SHELL32.dll
0x00007ff854fb0000 - 0x00007ff85511b000 	C:\WINDOWS\System32\wintypes.dll
0x00007ff852bb0000 - 0x00007ff85340d000 	C:\WINDOWS\SYSTEM32\windows.storage.dll
0x00007ff855c10000 - 0x00007ff855d02000 	C:\WINDOWS\System32\SHCORE.dll
0x00007ff855ee0000 - 0x00007ff855f47000 	C:\WINDOWS\System32\shlwapi.dll
0x00007ff854ed0000 - 0x00007ff854ef9000 	C:\WINDOWS\SYSTEM32\profapi.dll
0x00007ff831440000 - 0x00007ff831458000 	C:\Program Files\Eclipse Adoptium\jdk-17.0.19.10-hotspot\bin\zip.dll
0x00007ff8317b0000 - 0x00007ff8317ca000 	C:\Program Files\Eclipse Adoptium\jdk-17.0.19.10-hotspot\bin\net.dll
0x00007ff84c670000 - 0x00007ff84c798000 	C:\WINDOWS\SYSTEM32\WINHTTP.dll
0x00007ff854280000 - 0x00007ff8542eb000 	C:\WINDOWS\system32\mswsock.dll
0x00007ff831690000 - 0x00007ff8316a6000 	C:\Program Files\Eclipse Adoptium\jdk-17.0.19.10-hotspot\bin\nio.dll
0x00007ff837160000 - 0x00007ff837170000 	C:\Program Files\Eclipse Adoptium\jdk-17.0.19.10-hotspot\bin\verify.dll
0x00007ff831230000 - 0x00007ff831257000 	C:\Users\giova\.gradle\native\1def1411415f61bf3af743bc5b6707747c0891f09f0c88961ee8f79bc544acac\windows-amd64\native-platform.dll
0x00007ffff9420000 - 0x00007ffff9498000 	C:\Users\giova\.gradle\native\0.2.7\x86_64-windows-gnu\gradle-fileevents.dll
0x00007ff836530000 - 0x00007ff83653a000 	C:\Program Files\Eclipse Adoptium\jdk-17.0.19.10-hotspot\bin\management.dll
0x00007ff8364c0000 - 0x00007ff8364cc000 	C:\Program Files\Eclipse Adoptium\jdk-17.0.19.10-hotspot\bin\management_ext.dll
0x00007ff8569f0000 - 0x00007ff8569f8000 	C:\WINDOWS\System32\PSAPI.DLL
0x00007ff8536e0000 - 0x00007ff853714000 	C:\WINDOWS\SYSTEM32\IPHLPAPI.DLL
0x00007ff855c00000 - 0x00007ff855c0a000 	C:\WINDOWS\System32\NSI.dll
0x00007ff84c640000 - 0x00007ff84c65e000 	C:\WINDOWS\SYSTEM32\dhcpcsvc6.DLL
0x00007ff84c610000 - 0x00007ff84c633000 	C:\WINDOWS\SYSTEM32\dhcpcsvc.DLL
0x00007ff853720000 - 0x00007ff85384c000 	C:\WINDOWS\SYSTEM32\DNSAPI.dll
0x00007ff835630000 - 0x00007ff835639000 	C:\Program Files\Eclipse Adoptium\jdk-17.0.19.10-hotspot\bin\extnet.dll
0x00007ff854670000 - 0x00007ff85468b000 	C:\WINDOWS\SYSTEM32\CRYPTSP.dll
0x00007ff853c90000 - 0x00007ff853cca000 	C:\WINDOWS\system32\rsaenh.dll
0x00007ff854330000 - 0x00007ff85435b000 	C:\WINDOWS\SYSTEM32\USERENV.dll
0x00007ff854ea0000 - 0x00007ff854eca000 	C:\WINDOWS\SYSTEM32\bcrypt.dll
0x00007ff8544d0000 - 0x00007ff8544dc000 	C:\WINDOWS\SYSTEM32\CRYPTBASE.dll
0x00007ff834450000 - 0x00007ff83445e000 	C:\Program Files\Eclipse Adoptium\jdk-17.0.19.10-hotspot\bin\sunmscapi.dll
0x00007ff855870000 - 0x00007ff8559e7000 	C:\WINDOWS\System32\CRYPT32.dll
0x00007ff8547c0000 - 0x00007ff8547f0000 	C:\WINDOWS\SYSTEM32\ncrypt.dll
0x00007ff854770000 - 0x00007ff8547af000 	C:\WINDOWS\SYSTEM32\NTASN1.dll
0x00007ff834440000 - 0x00007ff834448000 	C:\WINDOWS\system32\wshunix.dll
0x00007ff833a00000 - 0x00007ff833a07000 	C:\Program Files\Eclipse Adoptium\jdk-17.0.19.10-hotspot\bin\rmi.dll
0x00007ff846140000 - 0x00007ff84614b000 	C:\Windows\System32\rasadhlp.dll
0x00007ff84a440000 - 0x00007ff84a4c6000 	C:\WINDOWS\System32\fwpuclnt.dll
0x00007ffff93d0000 - 0x00007ffff9411000 	C:\Users\giova\AppData\Local\Temp\jna-98361144\jna14418196466712073055.dll

dbghelp: loaded successfully - version: 4.0.5 - missing functions: none
symbol engine: initialized successfully - sym options: 0x614 - pdb path: .;C:\Program Files\Eclipse Adoptium\jdk-17.0.19.10-hotspot\bin;C:\WINDOWS\SYSTEM32;C:\WINDOWS\WinSxS\amd64_microsoft.windows.common-controls_6595b64144ccf1df_6.0.26100.7019_none_3e06ffa0e335b8a8;C:\Program Files\Eclipse Adoptium\jdk-17.0.19.10-hotspot\bin\server;C:\Users\giova\.gradle\native\1def1411415f61bf3af743bc5b6707747c0891f09f0c88961ee8f79bc544acac\windows-amd64;C:\Users\giova\.gradle\native\0.2.7\x86_64-windows-gnu;C:\Users\giova\AppData\Local\Temp\jna-98361144

VM Arguments:
jvm_args: --add-opens=java.base/java.lang=ALL-UNNAMED --add-opens=java.base/java.lang.invoke=ALL-UNNAMED --add-opens=java.base/java.util=ALL-UNNAMED --add-opens=java.prefs/java.util.prefs=ALL-UNNAMED --add-exports=jdk.compiler/com.sun.tools.javac.api=ALL-UNNAMED --add-exports=jdk.compiler/com.sun.tools.javac.util=ALL-UNNAMED --add-opens=java.base/java.util=ALL-UNNAMED --add-opens=java.prefs/java.util.prefs=ALL-UNNAMED --add-opens=java.base/java.nio.charset=ALL-UNNAMED --add-opens=java.base/java.net=ALL-UNNAMED --add-opens=java.base/java.util.concurrent.atomic=ALL-UNNAMED --add-opens=java.xml/javax.xml.namespace=ALL-UNNAMED -XX:MaxMetaspaceSize=512m -Xmx2048m -Dfile.encoding=windows-1252 -Duser.country=PE -Duser.language=es -Duser.variant -javaagent:C:\Users\giova\.gradle\wrapper\dists\gradle-8.14.3-bin\cv11ve7ro1n3o1j4so8xd9n66\gradle-8.14.3\lib\agents\gradle-instrumentation-agent-8.14.3.jar 
java_command: org.gradle.launcher.daemon.bootstrap.GradleDaemon 8.14.3
java_class_path (initial): C:\Users\giova\.gradle\wrapper\dists\gradle-8.14.3-bin\cv11ve7ro1n3o1j4so8xd9n66\gradle-8.14.3\lib\gradle-daemon-main-8.14.3.jar
Launcher Type: SUN_STANDARD

[Global flags]
     intx CICompilerCount                          = 4                                         {product} {ergonomic}
   size_t CompressedClassSpaceSize                 = 436207616                                 {product} {ergonomic}
     uint ConcGCThreads                            = 2                                         {product} {ergonomic}
     uint G1ConcRefinementThreads                  = 8                                         {product} {ergonomic}
   size_t G1HeapRegionSize                         = 1048576                                   {product} {ergonomic}
    uintx GCDrainStackTargetSize                   = 64                                        {product} {ergonomic}
   size_t InitialHeapSize                          = 134217728                                 {product} {ergonomic}
   size_t MarkStackSize                            = 4194304                                   {product} {ergonomic}
   size_t MaxHeapSize                              = 2147483648                                {product} {command line}
   size_t MaxMetaspaceSize                         = 536870912                                 {product} {command line}
   size_t MaxNewSize                               = 1287651328                                {product} {ergonomic}
   size_t MinHeapDeltaBytes                        = 1048576                                   {product} {ergonomic}
   size_t MinHeapSize                              = 8388608                                   {product} {ergonomic}
    uintx NonNMethodCodeHeapSize                   = 5839372                                {pd product} {ergonomic}
    uintx NonProfiledCodeHeapSize                  = 122909434                              {pd product} {ergonomic}
    uintx ProfiledCodeHeapSize                     = 122909434                              {pd product} {ergonomic}
    uintx ReservedCodeCacheSize                    = 251658240                              {pd product} {ergonomic}
     bool SegmentedCodeCache                       = true                                      {product} {ergonomic}
   size_t SoftMaxHeapSize                          = 2147483648                             {manageable} {ergonomic}
     bool UseCompressedClassPointers               = true                           {product lp64_product} {ergonomic}
     bool UseCompressedOops                        = true                           {product lp64_product} {ergonomic}
     bool UseG1GC                                  = true                                      {product} {ergonomic}
     bool UseLargePagesIndividualAllocation        = false                                  {pd product} {ergonomic}

Logging:
Log output configuration:
 #0: stdout all=warning uptime,level,tags
 #1: stderr all=off uptime,level,tags

Environment Variables:
JAVA_HOME=C:\Program Files\Eclipse Adoptium\jdk-17.0.19.10-hotspot\
PATH=C:\Program Files\Eclipse Adoptium\jdk-17.0.19.10-hotspot\bin;C:\Program Files\Common Files\Oracle\Java\javapath;C:\Program Files (x86)\Common Files\Oracle\Java\javapath;C:\WINDOWS\system32;C:\WINDOWS;C:\WINDOWS\System32\Wbem;C:\WINDOWS\System32\WindowsPowerShell\v1.0\;C:\WINDOWS\System32\OpenSSH\;C:\Program Files\nodejs\;C:\Users\giova\AppData\Local\Microsoft\WindowsApps;C:\Users\giova\AppData\Local\Programs\Microsoft VS Code\bin;C:\Users\giova\AppData\Local\GitHubDesktop\bin;C:\Users\giova\AppData\Roaming\npm
USERNAME=giova
OS=Windows_NT
PROCESSOR_IDENTIFIER=Intel64 Family 6 Model 142 Stepping 10, GenuineIntel
TMP=C:\Users\giova\AppData\Local\Temp
TEMP=C:\Users\giova\AppData\Local\Temp



Periodic native trim disabled


---------------  S Y S T E M  ---------------

OS:
 Windows 11 , 64 bit Build 26100 (10.0.26100.7019)
OS uptime: 0 days 11:13 hours
Hyper-V role detected

CPU: total 8 (initial active 8) (4 cores per cpu, 2 threads per core) family 6 model 142 stepping 10 microcode 0xe0, cx8, cmov, fxsr, ht, mmx, 3dnowpref, sse, sse2, sse3, ssse3, sse4.1, sse4.2, popcnt, lzcnt, tsc, tscinvbit, avx, avx2, aes, erms, clmul, bmi1, bmi2, adx, fma, vzeroupper, clflush, clflushopt, hv
Processor Information for all 8 processors :
  Max Mhz: 1800, Current Mhz: 1600, Mhz Limit: 1584

Memory: 4k page, system-wide physical 8067M (857M free)
TotalPageFile size 12504M (AvailPageFile size 16M)
current process WorkingSet (physical memory assigned to process): 1305M, peak: 1310M
current process commit charge ("private bytes"): 1892M, peak: 1901M

vm_info: OpenJDK 64-Bit Server VM (17.0.19+10) for windows-amd64 JRE (17.0.19+10), built on Apr 25 2026 08:04:44 by "admin" with MS VC++ 17.12 (VS2022)

END.
